"activity_id,""athlete_id"",""club_id"",""event_status"",""event_status_presence"",""first_name"",""foster_load"",""last_name"",""rpe"",""rpe_effective_time"",""sport_id"",""total_trimp"",""zone_1_time"",""zone_2_time"",""zone_3_time"",""zone_4_time"",""zone_5_time"",""trmittel_general"",""trmittel_nordisch"""
"47107,46,6,Available,1,CrossCountry,,Athlete,,,9,130.000000000,""01:50:00"",""00:10:00"",""00:00:00"",""00:00:00"",""00:00:00"",,Rollski"
"47118,46,6,Available,1,CrossCountry,,Athlete,,,9,186.000000000,""01:37:00"",""00:40:00"",""00:03:00"",""00:00:00"",""00:00:00"",,Rollski"
"47119,46,6,Available,1,CrossCountry,,Athlete,,,9,114.000000000,""00:57:00"",""00:27:00"",""00:01:00"",""00:00:00"",""00:00:00"",,Rollski"
"47121,46,6,Available,1,CrossCountry,,Athlete,,,9,155.000000000,""01:15:00"",""00:40:00"",""00:00:00"",""00:00:00"",""00:00:00"",,Rollski"
"47127,46,6,Available,1,CrossCountry,,Athlete,,,9,15.000000000,""00:15:00"",""00:00:00"",""00:00:00"",""00:00:00"",""00:00:00"",Fahrradergometer/Spinning,"
"47134,46,6,Available,1,CrossCountry,,Athlete,,,9,15.000000000,""00:15:00"",""00:00:00"",""00:00:00"",""00:00:00"",""00:00:00"",Fahrradergometer/Spinning,"
"47137,46,6,Available,1,CrossCountry,,Athlete,,,9,15.000000000,""00:15:00"",""00:00:00"",""00:00:00"",""00:00:00"",""00:00:00"",,"
"47143,46,6,Available,1,CrossCountry,,Athlete,,,9,172.000000000,""01:04:00"",""00:12:00"",""00:12:00"",""00:12:00"",""00:00:00"",,Rollski"
"47146,46,6,Available,1,CrossCountry,,Athlete,,,9,198.000000000,""00:54:00"",""00:54:00"",""00:12:00"",""00:00:00"",""00:00:00"",,Rollski"
"47235,46,6,Available,1,CrossCountry,,Athlete,,,9,221.000000000,""00:56:00"",""00:11:00"",""00:09:00"",""00:29:00"",""00:00:00"",,Fusslauf"
"47236,46,6,Available,1,CrossCountry,,Athlete,,,9,15.000000000,""00:15:00"",""00:00:00"",""00:00:00"",""00:00:00"",""00:00:00"",Fahrradergometer/Spinning,"
"47446,46,6,Available,1,CrossCountry,,Athlete,,,9,20.000000000,""00:20:00"",""00:00:00"",""00:00:00"",""00:00:00"",""00:00:00"",,Fusslauf"
"47449,46,6,Available,1,CrossCountry,,Athlete,,,9,144.000000000,""01:36:00"",""00:24:00"",""00:00:00"",""00:00:00"",""00:00:00"",,Rollski"
"47457,46,6,Available,1,CrossCountry,,Athlete,,,9,566.000000000,""00:47:00"",""01:00:00"",""00:53:00"",""01:00:00"",""00:00:00"",Rennvelo,"
"47460,46,6,Available,1,CrossCountry,,Athlete,,,9,95.000000000,""01:25:00"",""00:05:00"",""00:00:00"",""00:00:00"",""00:00:00"",,Fusslauf"
"47476,46,6,Available,1,CrossCountry,,Athlete,,,9,210.000000000,""02:30:00"",""00:30:00"",""00:00:00"",""00:00:00"",""00:00:00"",Rennvelo,"
"47478,46,6,Available,1,CrossCountry,,Athlete,,,9,75.000000000,""01:15:00"",""00:00:00"",""00:00:00"",""00:00:00"",""00:00:00"",,Fusslauf"
"47483,46,6,Available,1,CrossCountry,,Athlete,,,9,118.000000000,""01:02:00"",""00:28:00"",""00:00:00"",""00:00:00"",""00:00:00"",,Fusslauf"
"47484,46,6,Available,1,CrossCountry,,Athlete,,,9,162.000000000,""00:54:00"",""00:12:00"",""00:12:00"",""00:12:00"",""00:00:00"",,Rollski"
"47487,46,6,Available,1,CrossCountry,,Athlete,,,9,280.000000000,""01:03:00"",""01:14:00"",""00:23:00"",""00:00:00"",""00:00:00"",Rennvelo,"
"47489,46,6,Available,1,CrossCountry,,Athlete,,,9,10.000000000,""00:10:00"",""00:00:00"",""00:00:00"",""00:00:00"",""00:00:00"",Fahrradergometer/Spinning,"
"47492,46,6,Available,1,CrossCountry,,Athlete,,,9,112.000000000,""00:32:00"",""00:34:00"",""00:04:00"",""00:00:00"",""00:00:00"",,Fusslauf"
"47493,46,6,Available,1,CrossCountry,,Athlete,,,9,15.000000000,""00:15:00"",""00:00:00"",""00:00:00"",""00:00:00"",""00:00:00"",,Fusslauf"
"47497,46,6,Available,1,CrossCountry,,Athlete,,,9,219.000000000,""00:17:00"",""00:47:00"",""00:36:00"",""00:00:00"",""00:00:00"",,Rollski"
"47498,46,6,Available,1,CrossCountry,,Athlete,,,9,158.000000000,""00:07:00"",""00:53:00"",""00:15:00"",""00:00:00"",""00:00:00"",,Rollski"
"47499,46,6,Available,1,CrossCountry,,Athlete,,,9,60.000000000,""01:00:00"",""00:00:00"",""00:00:00"",""00:00:00"",""00:00:00"",,Fusslauf"
"47779,46,6,Available,1,CrossCountry,,Athlete,,,9,60.000000000,""01:00:00"",""00:00:00"",""00:00:00"",""00:00:00"",""00:00:00"",,Fusslauf"
"47959,46,6,Available,1,CrossCountry,,Athlete,,,9,15.000000000,""00:15:00"",""00:00:00"",""00:00:00"",""00:00:00"",""00:00:00"",,Fusslauf"
"47960,46,6,Available,1,CrossCountry,,Athlete,,,9,148.000000000,""00:37:00"",""00:10:00"",""00:08:00"",""00:08:00"",""00:07:00"",,Rollski"
"47961,46,6,Available,1,CrossCountry,,Athlete,,,9,15.000000000,""00:15:00"",""00:00:00"",""00:00:00"",""00:00:00"",""00:00:00"",,Fusslauf"
"47962,46,6,Available,1,CrossCountry,,Athlete,,,9,20.000000000,""00:20:00"",""00:00:00"",""00:00:00"",""00:00:00"",""00:00:00"",,Fusslauf"
"47963,46,6,Available,1,CrossCountry,,Athlete,,,9,73.000000000,""00:07:00"",""00:03:00"",""00:05:00"",""00:05:00"",""00:05:00"",,Rollski"
"47964,46,6,Available,1,CrossCountry,,Athlete,,,9,15.000000000,""00:15:00"",""00:00:00"",""00:00:00"",""00:00:00"",""00:00:00"",,Fusslauf"
"48103,46,6,Available,1,CrossCountry,,Athlete,,,9,30.000000000,""00:30:00"",""00:00:00"",""00:00:00"",""00:00:00"",""00:00:00"",Fahrradergometer/Spinning,"
"48104,46,6,Available,1,CrossCountry,,Athlete,,,9,30.000000000,""00:30:00"",""00:00:00"",""00:00:00"",""00:00:00"",""00:00:00"",Fahrradergometer/Spinning,"
"48272,46,6,Available,1,CrossCountry,,Athlete,,,9,180.250000000,""00:50:00"",""01:05:00"",""00:00:05"",""00:00:00"",""00:00:00"",,Rollski"
"48273,46,6,Available,1,CrossCountry,,Athlete,,,9,67.000000000,""00:23:00"",""00:22:00"",""00:00:00"",""00:00:00"",""00:00:00"",,Rollski"
"48434,46,6,Available,1,CrossCountry,,Athlete,,,9,115.000000000,""01:05:00"",""00:25:00"",""00:00:00"",""00:00:00"",""00:00:00"",,Fusslauf"
"48563,46,6,Available,1,CrossCountry,,Athlete,,,9,380.000000000,""03:35:00"",""00:45:00"",""00:25:00"",""00:00:00"",""00:00:00"",Rennvelo,"
"48607,46,6,Available,1,CrossCountry,,Athlete,,,9,10.000000000,""00:10:00"",""00:00:00"",""00:00:00"",""00:00:00"",""00:00:00"",Fahrradergometer/Spinning,"
"48651,46,6,Available,1,CrossCountry,,Athlete,,,9,113.000000000,""00:57:00"",""00:28:00"",""00:00:00"",""00:00:00"",""00:00:00"",,Fusslauf"
"48898,46,6,Available,1,CrossCountry,,Athlete,,,9,90.000000000,""01:30:00"",""00:00:00"",""00:00:00"",""00:00:00"",""00:00:00"",Rennvelo,"
"49025,46,6,Available,1,CrossCountry,,Athlete,,,9,210.000000000,""00:59:00"",""00:34:00"",""00:25:00"",""00:02:00"",""00:00:00"",,Rollski"
"49045,46,6,Available,1,CrossCountry,,Athlete,,,9,50.000000000,""00:40:00"",""00:05:00"",""00:00:00"",""00:00:00"",""00:00:00"",,Fusslauf"
"49701,46,6,Available,1,CrossCountry,,Athlete,,,9,125.000000000,""01:55:00"",""00:05:00"",""00:00:00"",""00:00:00"",""00:00:00"",Rennvelo,"
"50277,46,6,Available,1,CrossCountry,,Athlete,,,9,305.000000000,""00:43:00"",""00:46:00"",""00:16:00"",""00:28:00"",""00:02:00"",,Fusslauf"
"50280,46,6,Available,1,CrossCountry,,Athlete,,,9,223.000000000,""01:40:00"",""00:57:00"",""00:03:00"",""00:00:00"",""00:00:00"",,Rollski"
"50510,46,6,Available,1,CrossCountry,,Athlete,,,9,40.000000000,""00:20:00"",""00:10:00"",""00:00:00"",""00:00:00"",""00:00:00"",,Fusslauf"
"50513,46,6,Available,1,CrossCountry,,Athlete,,,9,213.000000000,""00:37:00"",""01:13:00"",""00:10:00"",""00:00:00"",""00:00:00"",,Rollski"
"50571,46,6,Available,1,CrossCountry,,Athlete,,,9,88.000000000,""00:32:00"",""00:28:00"",""00:00:00"",""00:00:00"",""00:00:00"",,Fusslauf"
"51422,46,6,Available,1,CrossCountry,,Athlete,,,9,138.000000000,""00:11:00"",""00:21:00"",""00:27:00"",""00:01:00"",""00:00:00"",,"
"51423,46,6,Available,1,CrossCountry,,Athlete,,,9,216.000000000,""02:24:00"",""00:36:00"",""00:00:00"",""00:00:00"",""00:00:00"",Rennvelo,"
"51424,46,6,Available,1,CrossCountry,,Athlete,,,9,303.000000000,""00:37:00"",""00:43:00"",""00:40:00"",""00:15:00"",""00:00:00"",,Rollski"
"51425,46,6,Available,1,CrossCountry,,Athlete,,,9,66.000000000,""00:54:00"",""00:06:00"",""00:00:00"",""00:00:00"",""00:00:00"",,Fusslauf"
"52125,46,6,Available,1,CrossCountry,,Athlete,,,9,60.000000000,""01:00:00"",""00:00:00"",""00:00:00"",""00:00:00"",""00:00:00"",,Fusslauf"
"52865,46,6,Available,1,CrossCountry,,Athlete,,,9,194.000000000,""00:57:00"",""00:52:00"",""00:11:00"",""00:00:00"",""00:00:00"",,Rollski"
"52866,46,6,Available,1,CrossCountry,,Athlete,,,9,253.000000000,""01:07:00"",""01:03:00"",""00:20:00"",""00:00:00"",""00:00:00"",,Rollski"
"52909,46,6,Available,1,CrossCountry,,Athlete,,,9,148.000000000,""01:32:00"",""00:28:00"",""00:00:00"",""00:00:00"",""00:00:00"",,Fusslauf"
"53130,46,6,Available,1,CrossCountry,,Athlete,,,9,215.000000000,""01:04:00"",""00:09:00"",""00:15:00"",""00:22:00"",""00:00:00"",,Fusslauf"
"53180,46,6,Available,1,CrossCountry,,Athlete,,,9,45.000000000,""00:45:00"",""00:00:00"",""00:00:00"",""00:00:00"",""00:00:00"",,Rollski"
"53284,46,6,Available,1,CrossCountry,,Athlete,,,9,106.000000000,""01:15:00"",""00:14:00"",""00:01:00"",""00:00:00"",""00:00:00"",,Rollski"
"53285,46,6,Available,1,CrossCountry,,Athlete,,,9,71.000000000,""00:49:00"",""00:11:00"",""00:00:00"",""00:00:00"",""00:00:00"",,Rollski"
"53700,46,6,Available,1,CrossCountry,,Athlete,,,9,410.000000000,""01:40:00"",""02:20:00"",""00:10:00"",""00:00:00"",""00:00:00"",,Fusslauf"
"53703,46,6,Available,1,CrossCountry,,Athlete,,,9,65.000000000,""00:35:00"",""00:15:00"",""00:00:00"",""00:00:00"",""00:00:00"",,"
"53755,46,6,Available,1,CrossCountry,,Athlete,,,9,160.000000000,""02:20:00"",""00:10:00"",""00:00:00"",""00:00:00"",""00:00:00"",,Rollski"
"53931,46,6,Available,1,CrossCountry,,Athlete,,,9,228.000000000,""01:49:00"",""00:16:00"",""00:13:00"",""00:12:00"",""00:00:00"",,Rollski"
"54058,46,6,Available,1,CrossCountry,,Athlete,,,9,30.000000000,""00:30:00"",""00:00:00"",""00:00:00"",""00:00:00"",""00:00:00"",,Fusslauf"
"54154,46,6,Available,1,CrossCountry,,Athlete,,,9,205.000000000,""03:15:00"",""00:05:00"",""00:00:00"",""00:00:00"",""00:00:00"",Rennvelo,"
"54645,46,6,Available,1,CrossCountry,,Athlete,,,9,10.000000000,""00:10:00"",""00:00:00"",""00:00:00"",""00:00:00"",""00:00:00"",Rennvelo,"
"54649,46,6,Available,1,CrossCountry,,Athlete,,,9,15.000000000,""00:15:00"",""00:00:00"",""00:00:00"",""00:00:00"",""00:00:00"",Rennvelo,"
"54750,46,6,Available,1,CrossCountry,,Athlete,,,9,285.000000000,""00:52:00"",""00:43:00"",""00:13:00"",""00:27:00"",""00:00:00"",,Rollski"
"55017,46,6,Available,1,CrossCountry,,Athlete,,,9,20.000000000,""00:20:00"",""00:00:00"",""00:00:00"",""00:00:00"",""00:00:00"",,Fusslauf"
"55227,46,6,Available,1,CrossCountry,,Athlete,,,9,209.000000000,""02:31:00"",""00:29:00"",""00:00:00"",""00:00:00"",""00:00:00"",,Rollski"
"55289,46,6,Available,1,CrossCountry,,Athlete,,,9,120.000000000,""02:00:00"",""00:00:00"",""00:00:00"",""00:00:00"",""00:00:00"",Rennvelo,"
"55425,46,6,Available,1,CrossCountry,,Athlete,,,9,90.000000000,""01:30:00"",""00:00:00"",""00:00:00"",""00:00:00"",""00:00:00"",,Fusslauf"
"56657,46,6,Available,1,CrossCountry,,Athlete,,,9,151.000000000,""01:30:00"",""00:29:00"",""00:01:00"",""00:00:00"",""00:00:00"",,Rollski"
"56696,46,6,Available,1,CrossCountry,,Athlete,,,9,185.000000000,""01:26:00"",""00:08:00"",""00:21:00"",""00:05:00"",""00:00:00"",,Fusslauf"
"57255,46,6,Available,1,CrossCountry,,Athlete,,,9,10.000000000,""00:10:00"",""00:00:00"",""00:00:00"",""00:00:00"",""00:00:00"",Rennvelo,"
"57260,46,6,Available,1,CrossCountry,,Athlete,,,9,214.000000000,""00:34:00"",""00:48:00"",""00:28:00"",""00:00:00"",""00:00:00"",,Rollski"
"57281,46,6,Available,1,CrossCountry,,Athlete,,,9,210.000000000,""03:30:00"",""00:00:00"",""00:00:00"",""00:00:00"",""00:00:00"",Rennvelo,"
"57405,46,6,Available,1,CrossCountry,,Athlete,,,9,20.000000000,""00:20:00"",""00:00:00"",""00:00:00"",""00:00:00"",""00:00:00"",,Fusslauf"
"57409,46,6,Available,1,CrossCountry,,Athlete,,,9,20.000000000,""00:20:00"",""00:00:00"",""00:00:00"",""00:00:00"",""00:00:00"",,Fusslauf"
"57505,46,6,Available,1,CrossCountry,,Athlete,,,9,177.000000000,""01:04:00"",""00:55:00"",""00:01:00"",""00:00:00"",""00:00:00"",,Rollski"
"57631,46,6,Available,1,CrossCountry,,Athlete,,,9,30.000000000,""00:30:00"",""00:00:00"",""00:00:00"",""00:00:00"",""00:00:00"",,Fusslauf"
"57632,46,6,Available,1,CrossCountry,,Athlete,,,9,10.000000000,""00:10:00"",""00:00:00"",""00:00:00"",""00:00:00"",""00:00:00"",Fahrradergometer/Spinning,"
"57633,46,6,Available,1,CrossCountry,,Athlete,,,9,155.000000000,""00:40:00"",""00:15:00"",""00:15:00"",""00:10:00"",""00:00:00"",,Rollski"
"57634,46,6,Available,1,CrossCountry,,Athlete,,,9,10.000000000,""00:10:00"",""00:00:00"",""00:00:00"",""00:00:00"",""00:00:00"",Fahrradergometer/Spinning,"
"57701,46,6,Available,1,CrossCountry,,Athlete,,,9,63.000000000,""00:38:00"",""00:11:00"",""00:01:00"",""00:00:00"",""00:00:00"",,Rollski"
"57912,46,6,Available,1,CrossCountry,,Athlete,,,9,166.000000000,""01:00:00"",""00:07:00"",""00:07:00"",""00:09:00"",""00:07:00"",,Fusslauf"
"57929,46,6,Available,1,CrossCountry,,Athlete,,,9,109.000000000,""01:11:00"",""00:19:00"",""00:00:00"",""00:00:00"",""00:00:00"",,Rollski"
"57991,46,6,Available,1,CrossCountry,,Athlete,,,9,261.000000000,""03:40:00"",""00:19:00"",""00:01:00"",""00:00:00"",""00:00:00"",Rennvelo,"
"58132,46,6,Available,1,CrossCountry,,Athlete,,,9,10.000000000,""00:10:00"",""00:00:00"",""00:00:00"",""00:00:00"",""00:00:00"",Rennvelo,"
"58213,46,6,Available,1,CrossCountry,,Athlete,,,9,63.000000000,""00:38:00"",""00:11:00"",""00:01:00"",""00:00:00"",""00:00:00"",,Rollski"
"58316,46,6,Available,1,CrossCountry,,Athlete,,,9,104.000000000,""01:16:00"",""00:14:00"",""00:00:00"",""00:00:00"",""00:00:00"",,Fusslauf"
"58840,46,6,Available,1,CrossCountry,,Athlete,,,9,120.000000000,""02:00:00"",""00:00:00"",""00:00:00"",""00:00:00"",""00:00:00"",Rennvelo,"
"59499,46,6,Available,1,CrossCountry,,Athlete,,,9,110.000000000,""01:50:00"",""00:00:00"",""00:00:00"",""00:00:00"",""00:00:00"",Rennvelo,"
"61484,46,6,Available,1,CrossCountry,,Athlete,,,9,150.000000000,""00:20:00"",""00:10:00"",""00:10:00"",""00:20:00"",""00:00:00"",Zugmaschine,"
"61962,46,6,Available,1,CrossCountry,,Athlete,,,9,120.000000000,""02:00:00"",""00:00:00"",""00:00:00"",""00:00:00"",""00:00:00"",Rennvelo,"
"61963,46,6,Available,1,CrossCountry,,Athlete,,,9,75.000000000,""01:15:00"",""00:00:00"",""00:00:00"",""00:00:00"",""00:00:00"",Rennvelo,"
"61988,46,6,Available,1,CrossCountry,,Athlete,,,9,65.000000000,""00:15:00"",""00:10:00"",""00:10:00"",""00:00:00"",""00:00:00"",,"
"61989,46,6,Available,1,CrossCountry,,Athlete,,,9,100.000000000,""00:35:00"",""00:10:00"",""00:15:00"",""00:00:00"",""00:00:00"",Fahrradergometer/Spinning,"
"62677,46,6,Available,1,CrossCountry,,Athlete,,,9,217.000000000,""00:23:00"",""00:52:00"",""00:30:00"",""00:00:00"",""00:00:00"",Rennvelo,"
"62681,46,6,Available,1,CrossCountry,,Athlete,,,9,110.000000000,""00:30:00"",""00:10:00"",""00:20:00"",""00:00:00"",""00:00:00"",Zugmaschine,"
"63075,46,6,Available,1,CrossCountry,,Athlete,,,9,20.000000000,""00:20:00"",""00:00:00"",""00:00:00"",""00:00:00"",""00:00:00"",Fahrradergometer/Spinning,"
"63231,46,6,Available,1,CrossCountry,,Athlete,,,9,214.000000000,""00:07:00"",""00:24:00"",""00:15:00"",""00:21:00"",""00:06:00"",,Rollski"
"63303,46,6,Available,1,CrossCountry,,Athlete,,,9,167.000000000,""01:21:00"",""00:31:00"",""00:08:00"",""00:00:00"",""00:00:00"",Bike,"
"63304,46,6,Available,1,CrossCountry,,Athlete,,,9,145.000000000,""00:41:00"",""00:43:00"",""00:06:00"",""00:00:00"",""00:00:00"",Bike,"
"63586,46,6,Available,1,CrossCountry,,Athlete,,,9,163.000000000,""00:16:00"",""00:13:00"",""00:23:00"",""00:13:00"",""00:00:00"",,Rollski"
"63591,46,6,Available,1,CrossCountry,,Athlete,,,9,70.000000000,""00:04:00"",""00:12:00"",""00:14:00"",""00:00:00"",""00:00:00"",,Rollski"
"63592,46,6,Available,1,CrossCountry,,Athlete,,,9,48.000000000,""00:42:00"",""00:03:00"",""00:00:00"",""00:00:00"",""00:00:00"",Fahrradergometer/Spinning,"
"63782,46,6,Available,1,CrossCountry,,Athlete,,,9,60.000000000,""01:00:00"",""00:00:00"",""00:00:00"",""00:00:00"",""00:00:00"",Fahrradergometer/Spinning,"
"63783,46,6,Available,1,CrossCountry,,Athlete,,,9,60.000000000,""01:00:00"",""00:00:00"",""00:00:00"",""00:00:00"",""00:00:00"",,Rollski"
"63784,46,6,Available,1,CrossCountry,,Athlete,,,9,30.000000000,""00:30:00"",""00:00:00"",""00:00:00"",""00:00:00"",""00:00:00"",,Fusslauf"
"63785,46,6,Available,1,CrossCountry,,Athlete,,,9,30.000000000,""00:30:00"",""00:00:00"",""00:00:00"",""00:00:00"",""00:00:00"",Fahrradergometer/Spinning,"
"63983,46,6,Available,1,CrossCountry,,Athlete,,,9,268.000000000,""01:13:00"",""00:13:00"",""00:27:00"",""00:22:00"",""00:00:00"",Rennvelo,"
"64053,46,6,Available,1,CrossCountry,,Athlete,,,9,100.000000000,""00:01:00"",""00:18:00"",""00:21:00"",""00:00:00"",""00:00:00"",,Rollski"
"64055,46,6,Available,1,CrossCountry,,Athlete,,,9,47.000000000,""00:13:00"",""00:17:00"",""00:00:00"",""00:00:00"",""00:00:00"",,Rollski"
"64247,46,6,Available,1,CrossCountry,,Athlete,,,9,209.000000000,""02:33:00"",""00:25:00"",""00:02:00"",""00:00:00"",""00:00:00"",Rennvelo,"
"64400,46,6,Available,1,CrossCountry,,Athlete,,,9,145.000000000,""00:06:00"",""00:23:00"",""00:31:00"",""00:00:00"",""00:00:00"",,Rollski"
"64401,46,6,Available,1,CrossCountry,,Athlete,,,9,30.000000000,""00:30:00"",""00:00:00"",""00:00:00"",""00:00:00"",""00:00:00"",Fahrradergometer/Spinning,"
"64445,46,6,Available,1,CrossCountry,,Athlete,,,9,90.000000000,""00:50:00"",""00:20:00"",""00:00:00"",""00:00:00"",""00:00:00"",Rennvelo,"
"64449,46,6,Available,1,CrossCountry,,Athlete,,,9,140.000000000,""00:31:00"",""00:08:00"",""00:31:00"",""00:00:00"",""00:00:00"",,Rollski"
"64501,46,6,Available,1,CrossCountry,,Athlete,,,9,285.000000000,""03:15:00"",""00:45:00"",""00:00:00"",""00:00:00"",""00:00:00"",Rennvelo,"
"64628,46,6,Available,1,CrossCountry,,Athlete,,,9,115.000000000,""00:30:00"",""00:35:00"",""00:05:00"",""00:00:00"",""00:00:00"",,Rollski"
"64629,46,6,Available,1,CrossCountry,,Athlete,,,9,50.000000000,""00:50:00"",""00:00:00"",""00:00:00"",""00:00:00"",""00:00:00"",,Rollski"
"64748,46,6,Available,1,CrossCountry,,Athlete,,,9,120.000000000,""02:00:00"",""00:00:00"",""00:00:00"",""00:00:00"",""00:00:00"",Rennvelo,"
"64798,46,6,Available,1,CrossCountry,,Athlete,,,9,247.000000000,""01:38:00"",""00:08:00"",""00:43:00"",""00:01:00"",""00:00:00"",Rennvelo,"
"65133,46,6,Available,1,CrossCountry,,Athlete,,,9,168.000000000,""02:42:00"",""00:03:00"",""00:00:00"",""00:00:00"",""00:00:00"",Rennvelo,"
"65136,46,6,Available,1,CrossCountry,,Athlete,,,9,120.000000000,""01:00:00"",""00:30:00"",""00:00:00"",""00:00:00"",""00:00:00"",,Rollski"
"65235,46,6,Available,1,CrossCountry,,Athlete,,,9,165.000000000,""01:15:00"",""00:45:00"",""00:00:00"",""00:00:00"",""00:00:00"",,Rollski"
"65293,46,6,Available,1,CrossCountry,,Athlete,,,9,173.000000000,""00:19:00"",""00:14:00"",""00:22:00"",""00:15:00"",""00:00:00"",,Rollski"
"65374,46,6,Available,1,CrossCountry,,Athlete,,,9,105.000000000,""01:35:00"",""00:05:00"",""00:00:00"",""00:00:00"",""00:00:00"",Rennvelo,"
"65428,46,6,Available,1,CrossCountry,,Athlete,,,9,125.000000000,""01:55:00"",""00:05:00"",""00:00:00"",""00:00:00"",""00:00:00"",,Rollski"
"65429,46,6,Available,1,CrossCountry,,Athlete,,,9,55.000000000,""00:45:00"",""00:05:00"",""00:00:00"",""00:00:00"",""00:00:00"",,Rollski"
"65430,46,6,Available,1,CrossCountry,,Athlete,,,9,20.000000000,""00:20:00"",""00:00:00"",""00:00:00"",""00:00:00"",""00:00:00"",,Fusslauf"
"65488,46,6,Available,1,CrossCountry,,Athlete,,,9,231.000000000,""00:51:00"",""00:33:00"",""00:30:00"",""00:06:00"",""00:00:00"",,Rollski"
"65560,46,6,Available,1,CrossCountry,,Athlete,,,9,120.000000000,""02:00:00"",""00:00:00"",""00:00:00"",""00:00:00"",""00:00:00"",Rennvelo,"
"66171,46,6,Available,1,CrossCountry,,Athlete,,,9,30.000000000,""00:30:00"",""00:00:00"",""00:00:00"",""00:00:00"",""00:00:00"",,Fusslauf"
"66173,46,6,Available,1,CrossCountry,,Athlete,,,9,184.000000000,""01:14:00"",""00:30:00"",""00:14:00"",""00:02:00"",""00:00:00"",,Rollski"
"66174,46,6,Available,1,CrossCountry,,Athlete,,,9,30.000000000,""00:30:00"",""00:00:00"",""00:00:00"",""00:00:00"",""00:00:00"",,Fusslauf"
"66175,46,6,Available,1,CrossCountry,,Athlete,,,9,175.000000000,""00:25:00"",""00:45:00"",""00:20:00"",""00:00:00"",""00:00:00"",,Rollski"
"66246,46,6,Available,1,CrossCountry,,Athlete,,,9,278.000000000,""03:22:00"",""00:38:00"",""00:00:00"",""00:00:00"",""00:00:00"",Rennvelo,"
"66593,46,6,Available,1,CrossCountry,,Athlete,,,9,181.000000000,""02:29:00"",""00:16:00"",""00:00:00"",""00:00:00"",""00:00:00"",,Rollski"
"66596,46,6,Available,1,CrossCountry,,Athlete,,,9,241.000000000,""00:44:00"",""00:18:00"",""00:10:00"",""00:09:00"",""00:19:00"",,Rollski"
"66597,46,6,Available,1,CrossCountry,,Athlete,,,9,116.000000000,""00:41:00"",""00:27:00"",""00:07:00"",""00:00:00"",""00:00:00"",,Rollski"
"66598,46,6,Available,1,CrossCountry,,Athlete,,,9,20.000000000,""00:20:00"",""00:00:00"",""00:00:00"",""00:00:00"",""00:00:00"",,Fusslauf"
"66781,46,6,Available,1,CrossCountry,,Athlete,,,9,87.000000000,""00:35:00"",""00:23:00"",""00:02:00"",""00:00:00"",""00:00:00"",,Rollski"
"66990,46,6,Available,1,CrossCountry,,Athlete,,,9,139.000000000,""02:01:00"",""00:09:00"",""00:00:00"",""00:00:00"",""00:00:00"",,Ski"
"66995,46,6,Available,1,CrossCountry,,Athlete,,,9,141.000000000,""01:03:00"",""00:33:00"",""00:04:00"",""00:00:00"",""00:00:00"",,Rollski"
"66996,46,6,Available,1,CrossCountry,,Athlete,,,9,135.000000000,""01:46:00"",""00:13:00"",""00:01:00"",""00:00:00"",""00:00:00"",,Ski"
"67035,46,6,Available,1,CrossCountry,,Athlete,,,9,249.000000000,""01:00:00"",""00:18:00"",""00:18:00"",""00:21:00"",""00:03:00"",,Rollski"
"67098,46,6,Available,1,CrossCountry,,Athlete,,,9,187.000000000,""00:43:00"",""00:42:00"",""00:20:00"",""00:00:00"",""00:00:00"",,Ski"
"67099,46,6,Available,1,CrossCountry,,Athlete,,,9,79.000000000,""01:11:00"",""00:04:00"",""00:00:00"",""00:00:00"",""00:00:00"",,Ski"
"67211,46,6,Available,1,CrossCountry,,Athlete,,,9,151.000000000,""01:32:00"",""00:25:00"",""00:03:00"",""00:00:00"",""00:00:00"",,Ski"
"67363,46,6,Available,1,CrossCountry,,Athlete,,,9,170.000000000,""02:10:00"",""00:20:00"",""00:00:00"",""00:00:00"",""00:00:00"",,Ski"
"67399,46,6,Available,1,CrossCountry,,Athlete,,,9,198.000000000,""00:45:00"",""00:35:00"",""00:17:00"",""00:08:00"",""00:00:00"",,Ski"
"67401,46,6,Available,1,CrossCountry,,Athlete,,,9,62.000000000,""00:58:00"",""00:02:00"",""00:00:00"",""00:00:00"",""00:00:00"",,Rollski"
"67657,46,6,Available,1,CrossCountry,,Athlete,,,9,30.000000000,""00:30:00"",""00:00:00"",""00:00:00"",""00:00:00"",""00:00:00"",,Fusslauf"
"67658,46,6,Available,1,CrossCountry,,Athlete,,,9,30.000000000,""00:30:00"",""00:00:00"",""00:00:00"",""00:00:00"",""00:00:00"",Fahrradergometer/Spinning,"
"67929,46,6,Available,1,CrossCountry,,Athlete,,,9,95.000000000,""01:25:00"",""00:05:00"",""00:00:00"",""00:00:00"",""00:00:00"",,Rollski"
"67930,46,6,Available,1,CrossCountry,,Athlete,,,9,163.000000000,""00:19:00"",""01:09:00"",""00:02:00"",""00:00:00"",""00:00:00"",,Rollski"
"68054,46,6,Available,1,CrossCountry,,Athlete,,,9,15.000000000,""00:15:00"",""00:00:00"",""00:00:00"",""00:00:00"",""00:00:00"",Fahrradergometer/Spinning,"
"68056,46,6,Available,1,CrossCountry,,Athlete,,,9,85.000000000,""01:25:00"",""00:00:00"",""00:00:00"",""00:00:00"",""00:00:00"",Rennvelo,"
"68057,46,6,Available,1,CrossCountry,,Athlete,,,9,35.000000000,""00:35:00"",""00:00:00"",""00:00:00"",""00:00:00"",""00:00:00"",,Fusslauf"
"68086,46,6,Available,1,CrossCountry,,Athlete,,,9,196.000000000,""00:49:00"",""00:22:00"",""00:33:00"",""00:01:00"",""00:00:00"",,Rollski"
"68115,46,6,Available,1,CrossCountry,,Athlete,,,9,15.000000000,""00:15:00"",""00:00:00"",""00:00:00"",""00:00:00"",""00:00:00"",Fahrradergometer/Spinning,"
"68116,46,6,Available,1,CrossCountry,,Athlete,,,9,15.000000000,""00:15:00"",""00:00:00"",""00:00:00"",""00:00:00"",""00:00:00"",,Fusslauf"
"68426,46,6,Available,1,CrossCountry,,Athlete,,,9,126.000000000,""01:54:00"",""00:06:00"",""00:00:00"",""00:00:00"",""00:00:00"",Rennvelo,"
"69111,46,6,Available,1,CrossCountry,,Athlete,,,9,138.000000000,""00:55:00"",""00:22:00"",""00:13:00"",""00:00:00"",""00:00:00"",,Rollski"
"69239,46,6,Available,1,CrossCountry,,Athlete,,,9,293.000000000,""00:35:00"",""00:26:00"",""00:27:00"",""00:25:00"",""00:05:00"",,Rollski"
"69241,46,6,Available,1,CrossCountry,,Athlete,,,9,65.000000000,""00:55:00"",""00:05:00"",""00:00:00"",""00:00:00"",""00:00:00"",Rennvelo,"
"69242,46,6,Available,1,CrossCountry,,Athlete,,,9,30.000000000,""00:30:00"",""00:00:00"",""00:00:00"",""00:00:00"",""00:00:00"",,Fusslauf"
"69548,46,6,Available,1,CrossCountry,,Athlete,,,9,252.000000000,""00:55:00"",""01:28:00"",""00:07:00"",""00:00:00"",""00:00:00"",,Rollski"
"69549,46,6,Available,1,CrossCountry,,Athlete,,,9,41.000000000,""00:19:00"",""00:11:00"",""00:00:00"",""00:00:00"",""00:00:00"",,Fusslauf"
"70448,46,6,Available,1,CrossCountry,,Athlete,,,9,122.000000000,""01:58:00"",""00:02:00"",""00:00:00"",""00:00:00"",""00:00:00"",,Rollski"
"70450,46,6,Available,1,CrossCountry,,Athlete,,,9,30.000000000,""00:30:00"",""00:00:00"",""00:00:00"",""00:00:00"",""00:00:00"",,Fusslauf"
"70451,46,6,Available,1,CrossCountry,,Athlete,,,9,72.000000000,""01:08:00"",""00:02:00"",""00:00:00"",""00:00:00"",""00:00:00"",Rennvelo,"
"71308,46,6,Available,1,CrossCountry,,Athlete,,,9,113.000000000,""01:37:00"",""00:08:00"",""00:00:00"",""00:00:00"",""00:00:00"",Rennvelo,"
"71309,46,6,Available,1,CrossCountry,,Athlete,,,9,211.000000000,""00:32:00"",""00:25:00"",""00:43:00"",""00:00:00"",""00:00:00"",,Rollski"
"71405,46,6,Available,1,CrossCountry,,Athlete,,,9,202.000000000,""00:40:00"",""00:23:00"",""00:32:00"",""00:05:00"",""00:00:00"",,Fusslauf"
"71406,46,6,Available,1,CrossCountry,,Athlete,,,9,99.000000000,""01:21:00"",""00:09:00"",""00:00:00"",""00:00:00"",""00:00:00"",,Rollski"
"71634,46,6,Available,1,CrossCountry,,Athlete,,,9,103.000000000,""00:59:00"",""00:19:00"",""00:02:00"",""00:00:00"",""00:00:00"",,Rollski"
"71834,46,6,Available,1,CrossCountry,,Athlete,,,9,179.000000000,""00:47:00"",""00:18:00"",""00:24:00"",""00:06:00"",""00:00:00"",,Fusslauf"
"71835,46,6,Available,1,CrossCountry,,Athlete,,,9,76.000000000,""01:04:00"",""00:06:00"",""00:00:00"",""00:00:00"",""00:00:00"",Rennvelo,"
"72106,46,6,Available,1,CrossCountry,,Athlete,,,9,204.000000000,""01:38:00"",""00:50:00"",""00:02:00"",""00:00:00"",""00:00:00"",,Rollski"
"72562,46,6,Available,1,CrossCountry,,Athlete,,,9,176.000000000,""01:30:00"",""00:15:00"",""00:07:00"",""00:05:00"",""00:03:00"",,Rollski"
"72585,46,6,Available,1,CrossCountry,,Athlete,,,9,30.000000000,""00:30:00"",""00:00:00"",""00:00:00"",""00:00:00"",""00:00:00"",,Fusslauf"
"72586,46,6,Available,1,CrossCountry,,Athlete,,,9,15.000000000,""00:15:00"",""00:00:00"",""00:00:00"",""00:00:00"",""00:00:00"",Rennvelo,"
"72832,46,6,Available,1,CrossCountry,,Athlete,,,9,109.000000000,""01:31:00"",""00:09:00"",""00:00:00"",""00:00:00"",""00:00:00"",,Rollski"
"72889,46,6,Available,1,CrossCountry,,Athlete,,,9,278.000000000,""00:50:00"",""00:25:00"",""00:15:00"",""00:17:00"",""00:13:00"",,Rollski"
"72890,46,6,Available,1,CrossCountry,,Athlete,,,9,75.000000000,""01:15:00"",""00:00:00"",""00:00:00"",""00:00:00"",""00:00:00"",Rennvelo,"
"72892,46,6,Available,1,CrossCountry,,Athlete,,,9,20.000000000,""00:20:00"",""00:00:00"",""00:00:00"",""00:00:00"",""00:00:00"",,Fusslauf"
"73135,46,6,Available,1,CrossCountry,,Athlete,,,9,90.000000000,""00:53:00"",""00:14:00"",""00:03:00"",""00:00:00"",""00:00:00"",,Rollski"
"73219,46,6,Available,1,CrossCountry,,Athlete,,,9,234.000000000,""00:36:00"",""00:27:00"",""00:15:00"",""00:11:00"",""00:11:00"",,Rollski"
"73220,46,6,Available,1,CrossCountry,,Athlete,,,9,134.000000000,""01:16:00"",""00:29:00"",""00:00:00"",""00:00:00"",""00:00:00"",,Rollski"
"73376,46,6,Available,1,CrossCountry,,Athlete,,,9,134.000000000,""00:13:00"",""00:50:00"",""00:07:00"",""00:00:00"",""00:00:00"",,Rollski"
"73377,46,6,Available,1,CrossCountry,,Athlete,,,9,103.000000000,""01:37:00"",""00:03:00"",""00:00:00"",""00:00:00"",""00:00:00"",,Fusslauf"
"73433,46,6,Available,1,CrossCountry,,Athlete,,,9,131.000000000,""01:11:00"",""00:27:00"",""00:02:00"",""00:00:00"",""00:00:00"",,Rollski"
"73484,46,6,Available,1,CrossCountry,,Athlete,,,9,54.000000000,""00:46:00"",""00:04:00"",""00:00:00"",""00:00:00"",""00:00:00"",Rennvelo,"
"73486,46,6,Available,1,CrossCountry,,Athlete,,,9,40.000000000,""00:40:00"",""00:00:00"",""00:00:00"",""00:00:00"",""00:00:00"",,Fusslauf"
"73505,46,6,Available,1,CrossCountry,,Athlete,,,9,90.000000000,""01:30:00"",""00:00:00"",""00:00:00"",""00:00:00"",""00:00:00"",,Rollski"
"73548,46,6,Available,1,CrossCountry,,Athlete,,,9,234.000000000,""00:52:00"",""00:10:00"",""00:10:00"",""00:33:00"",""00:00:00"",,Fusslauf"
"73635,46,6,Available,1,CrossCountry,,Athlete,,,9,30.000000000,""00:30:00"",""00:00:00"",""00:00:00"",""00:00:00"",""00:00:00"",Fahrradergometer/Spinning,"
"73886,46,6,Available,1,CrossCountry,,Athlete,,,9,10.000000000,""00:10:00"",""00:00:00"",""00:00:00"",""00:00:00"",""00:00:00"",,Fusslauf"
"73887,46,6,Available,1,CrossCountry,,Athlete,,,9,10.000000000,""00:10:00"",""00:00:00"",""00:00:00"",""00:00:00"",""00:00:00"",,Fusslauf"
"73888,46,6,Available,1,CrossCountry,,Athlete,,,9,156.000000000,""00:15:00"",""00:20:00"",""00:07:00"",""00:10:00"",""00:08:00"",,Rollski"
"73890,46,6,Available,1,CrossCountry,,Athlete,,,9,10.000000000,""00:10:00"",""00:00:00"",""00:00:00"",""00:00:00"",""00:00:00"",,Fusslauf"
"73892,46,6,Available,1,CrossCountry,,Athlete,,,9,63.000000000,""00:10:00"",""00:04:00"",""00:03:00"",""00:04:00"",""00:04:00"",,Rollski"
"73893,46,6,Available,1,CrossCountry,,Athlete,,,9,15.000000000,""00:15:00"",""00:00:00"",""00:00:00"",""00:00:00"",""00:00:00"",,Fusslauf"
"74073,46,6,Available,1,CrossCountry,,Athlete,,,9,10.000000000,""00:10:00"",""00:00:00"",""00:00:00"",""00:00:00"",""00:00:00"",,Fusslauf"
"74075,46,6,Available,1,CrossCountry,,Athlete,,,9,163.000000000,""00:10:00"",""00:05:00"",""00:02:00"",""00:03:00"",""00:25:00"",,Rollski"
"74076,46,6,Available,1,CrossCountry,,Athlete,,,9,15.000000000,""00:15:00"",""00:00:00"",""00:00:00"",""00:00:00"",""00:00:00"",,Fusslauf"
"74161,46,6,Available,1,CrossCountry,,Athlete,,,9,88.000000000,""00:35:00"",""00:22:00"",""00:03:00"",""00:00:00"",""00:00:00"",,Fusslauf"
"74374,46,6,Available,1,CrossCountry,,Athlete,,,9,162.000000000,""00:28:00"",""00:52:00"",""00:10:00"",""00:00:00"",""00:00:00"",,Rollski"
"74375,46,6,Available,1,CrossCountry,,Athlete,,,9,188.000000000,""00:50:00"",""00:15:00"",""00:05:00"",""00:07:00"",""00:13:00"",,Fusslauf"
"74452,46,6,Available,1,CrossCountry,,Athlete,,,9,199.000000000,""00:55:00"",""00:23:00"",""00:12:00"",""00:13:00"",""00:02:00"",,Rollski"
"74453,46,6,Available,1,CrossCountry,,Athlete,,,9,21.000000000,""00:19:00"",""00:01:00"",""00:00:00"",""00:00:00"",""00:00:00"",,Fusslauf"
"74480,46,6,Available,1,CrossCountry,,Athlete,,,9,190.000000000,""00:44:00"",""00:13:00"",""00:04:00"",""00:12:00"",""00:12:00"",,Fusslauf"
"74939,46,6,Available,1,CrossCountry,,Athlete,,,9,266.000000000,""00:47:00"",""01:30:00"",""00:13:00"",""00:00:00"",""00:00:00"",,Fusslauf"
"74992,46,6,Available,1,CrossCountry,,Athlete,,,9,95.000000000,""00:57:00"",""00:16:00"",""00:02:00"",""00:00:00"",""00:00:00"",,Rollski"
"75023,46,6,Available,1,CrossCountry,,Athlete,,,9,206.000000000,""00:51:00"",""00:24:00"",""00:13:00"",""00:17:00"",""00:00:00"",,Rollski"
"75024,46,6,Available,1,CrossCountry,,Athlete,,,9,47.000000000,""00:43:00"",""00:02:00"",""00:00:00"",""00:00:00"",""00:00:00"",,Fusslauf"
"75025,46,6,Available,1,CrossCountry,,Athlete,,,9,45.000000000,""00:45:00"",""00:00:00"",""00:00:00"",""00:00:00"",""00:00:00"",,"
"75331,46,6,Available,1,CrossCountry,,Athlete,,,9,199.000000000,""01:41:00"",""00:49:00"",""00:00:00"",""00:00:00"",""00:00:00"",,Rollski"
"75332,46,6,Available,1,CrossCountry,,Athlete,,,9,55.000000000,""00:45:00"",""00:05:00"",""00:00:00"",""00:00:00"",""00:00:00"",,Fusslauf"
"75406,46,6,Available,1,CrossCountry,,Athlete,,,9,179.000000000,""00:41:00"",""00:54:00"",""00:10:00"",""00:00:00"",""00:00:00"",,Rollski"
"75548,46,6,Available,1,CrossCountry,,Athlete,,,9,72.000000000,""00:48:00"",""00:12:00"",""00:00:00"",""00:00:00"",""00:00:00"",,Fusslauf"
"75593,46,6,Available,1,CrossCountry,,Athlete,,,9,276.000000000,""00:52:00"",""00:24:00"",""00:09:00"",""00:26:00"",""00:09:00"",,Rollski"
"75594,46,6,Available,1,CrossCountry,,Athlete,,,9,210.000000000,""01:03:00"",""00:05:00"",""00:11:00"",""00:26:00"",""00:00:00"",,Fusslauf"
"75610,46,6,Available,1,CrossCountry,,Athlete,,,9,193.000000000,""00:50:00"",""01:07:00"",""00:03:00"",""00:00:00"",""00:00:00"",,Rollski"
"75709,46,6,Available,1,CrossCountry,,Athlete,,,9,132.000000000,""00:58:00"",""00:37:00"",""00:00:00"",""00:00:00"",""00:00:00"",,Rollski"
"75878,46,6,Available,1,CrossCountry,,Athlete,,,9,183.000000000,""02:57:00"",""00:03:00"",""00:00:00"",""00:00:00"",""00:00:00"",,Fusslauf"
"75924,46,6,Available,1,CrossCountry,,Athlete,,,9,269.000000000,""00:31:00"",""00:36:00"",""00:10:00"",""00:29:00"",""00:04:00"",,Rollski"
"76126,46,6,Available,1,CrossCountry,,Athlete,,,9,228.000000000,""01:49:00"",""00:19:00"",""00:07:00"",""00:15:00"",""00:00:00"",,Rollski"
"76127,46,6,Available,1,CrossCountry,,Athlete,,,9,172.000000000,""01:08:00"",""00:52:00"",""00:00:00"",""00:00:00"",""00:00:00"",,Rollski"
"76239,46,6,Available,1,CrossCountry,,Athlete,,,9,60.000000000,""01:00:00"",""00:00:00"",""00:00:00"",""00:00:00"",""00:00:00"",,Fusslauf"
"76242,46,6,Available,1,CrossCountry,,Athlete,,,9,185.000000000,""02:25:00"",""00:20:00"",""00:00:00"",""00:00:00"",""00:00:00"",,Fusslauf"
"76504,46,6,Available,1,CrossCountry,,Athlete,,,9,75.000000000,""00:48:00"",""00:09:00"",""00:03:00"",""00:00:00"",""00:00:00"",,Rollski"
"76639,46,6,Available,1,CrossCountry,,Athlete,,,9,204.000000000,""01:15:00"",""00:17:00"",""00:09:00"",""00:17:00"",""00:00:00"",,Fusslauf"
"76640,46,6,Available,1,CrossCountry,,Athlete,,,9,113.000000000,""00:57:00"",""00:28:00"",""00:00:00"",""00:00:00"",""00:00:00"",,Rollski"
"76840,46,6,Available,1,CrossCountry,,Athlete,,,9,145.000000000,""01:35:00"",""00:25:00"",""00:00:00"",""00:00:00"",""00:00:00"",,Rollski"
"76841,46,6,Available,1,CrossCountry,,Athlete,,,9,60.000000000,""01:00:00"",""00:00:00"",""00:00:00"",""00:00:00"",""00:00:00"",,Fusslauf"
"76885,46,6,Available,1,CrossCountry,,Athlete,,,9,200.000000000,""01:00:00"",""00:45:00"",""00:10:00"",""00:05:00"",""00:00:00"",,Rollski"
"76935,46,6,Available,1,CrossCountry,,Athlete,,,9,129.000000000,""01:01:00"",""00:34:00"",""00:00:00"",""00:00:00"",""00:00:00"",,Fusslauf"
"76938,46,6,Available,1,CrossCountry,,Athlete,,,9,235.000000000,""00:22:00"",""00:24:00"",""00:16:00"",""00:23:00"",""00:05:00"",,Rollski"
"77336,46,6,Available,1,CrossCountry,,Athlete,,,9,92.000000000,""00:59:00"",""00:15:00"",""00:01:00"",""00:00:00"",""00:00:00"",,Rollski"
"77338,46,6,Available,1,CrossCountry,,Athlete,,,9,244.000000000,""00:23:00"",""00:27:00"",""00:09:00"",""00:15:00"",""00:16:00"",,Rollski"
"77342,46,6,Available,1,CrossCountry,,Athlete,,,9,98.000000000,""01:22:00"",""00:08:00"",""00:00:00"",""00:00:00"",""00:00:00"",,Rollski"
"77490,46,6,Available,1,CrossCountry,,Athlete,,,9,104.000000000,""01:16:00"",""00:14:00"",""00:00:00"",""00:00:00"",""00:00:00"",,Rollski"
"77495,46,6,Available,1,CrossCountry,,Athlete,,,9,77.000000000,""01:13:00"",""00:02:00"",""00:00:00"",""00:00:00"",""00:00:00"",,Fusslauf"
"77496,46,6,Available,1,CrossCountry,,Athlete,,,9,110.000000000,""01:00:00"",""00:25:00"",""00:00:00"",""00:00:00"",""00:00:00"",,Fusslauf"
"77845,46,6,Available,1,CrossCountry,,Athlete,,,9,214.000000000,""00:43:00"",""01:00:00"",""00:17:00"",""00:00:00"",""00:00:00"",,Ski"
"77846,46,6,Available,1,CrossCountry,,Athlete,,,9,239.000000000,""01:05:00"",""00:24:00"",""00:03:00"",""00:23:00"",""00:05:00"",,Fusslauf"
"77849,46,6,Available,1,CrossCountry,,Athlete,,,9,105.000000000,""01:15:00"",""00:15:00"",""00:00:00"",""00:00:00"",""00:00:00"",,Fusslauf"
"77926,46,6,Available,1,CrossCountry,,Athlete,,,9,196.000000000,""01:18:00"",""00:53:00"",""00:04:00"",""00:00:00"",""00:00:00"",,Ski"
"78111,46,6,Available,1,CrossCountry,,Athlete,,,9,169.000000000,""01:16:00"",""00:39:00"",""00:05:00"",""00:00:00"",""00:00:00"",,Ski"
"78112,46,6,Available,1,CrossCountry,,Athlete,,,9,90.000000000,""01:20:00"",""00:05:00"",""00:00:00"",""00:00:00"",""00:00:00"",,Fusslauf"
"78174,46,6,Available,1,CrossCountry,,Athlete,,,9,66.000000000,""00:54:00"",""00:06:00"",""00:00:00"",""00:00:00"",""00:00:00"",,Rollski"
"78175,46,6,Available,1,CrossCountry,,Athlete,,,9,147.000000000,""01:13:00"",""00:37:00"",""00:00:00"",""00:00:00"",""00:00:00"",,Rollski"
"78270,46,6,Available,1,CrossCountry,,Athlete,,,9,46.000000000,""00:44:00"",""00:01:00"",""00:00:00"",""00:00:00"",""00:00:00"",Rennvelo,"
"78271,46,6,Available,1,CrossCountry,,Athlete,,,9,135.000000000,""01:45:00"",""00:15:00"",""00:00:00"",""00:00:00"",""00:00:00"",,Ski"
"78272,46,6,Available,1,CrossCountry,,Athlete,,,9,117.000000000,""01:03:00"",""00:27:00"",""00:00:00"",""00:00:00"",""00:00:00"",,Ski"
"78674,46,6,Available,1,CrossCountry,,Athlete,,,9,90.000000000,""00:30:00"",""00:30:00"",""00:00:00"",""00:00:00"",""00:00:00"",,Ski"
"78738,46,6,Available,1,CrossCountry,,Athlete,,,9,45.000000000,""00:45:00"",""00:00:00"",""00:00:00"",""00:00:00"",""00:00:00"",Rennvelo,"
"78740,46,6,Available,1,CrossCountry,,Athlete,,,9,148.000000000,""00:39:00"",""00:44:00"",""00:07:00"",""00:00:00"",""00:00:00"",,Ski"
"78868,46,6,Available,1,CrossCountry,,Athlete,,,9,10.000000000,""00:10:00"",""00:00:00"",""00:00:00"",""00:00:00"",""00:00:00"",Rennvelo,"
"78869,46,6,Available,1,CrossCountry,,Athlete,,,9,165.000000000,""00:30:00"",""00:15:00"",""00:15:00"",""00:15:00"",""00:00:00"",,Rollski"
"78870,46,6,Available,1,CrossCountry,,Athlete,,,9,20.000000000,""00:20:00"",""00:00:00"",""00:00:00"",""00:00:00"",""00:00:00"",Rennvelo,"
"78871,46,6,Available,1,CrossCountry,,Athlete,,,9,15.000000000,""00:15:00"",""00:00:00"",""00:00:00"",""00:00:00"",""00:00:00"",,Fusslauf"
"79148,46,6,Available,1,CrossCountry,,Athlete,,,9,164.000000000,""01:20:00"",""00:36:00"",""00:04:00"",""00:00:00"",""00:00:00"",,Ski"
"79272,46,6,Available,1,CrossCountry,,Athlete,,,9,232.000000000,""01:18:00"",""01:02:00"",""00:10:00"",""00:00:00"",""00:00:00"",,Ski"
"79273,46,6,Available,1,CrossCountry,,Athlete,,,9,62.000000000,""00:58:00"",""00:02:00"",""00:00:00"",""00:00:00"",""00:00:00"",,Fusslauf"
"79349,46,6,Available,1,CrossCountry,,Athlete,,,9,146.000000000,""00:36:00"",""00:52:00"",""00:02:00"",""00:00:00"",""00:00:00"",,Ski"
"79350,46,6,Available,1,CrossCountry,,Athlete,,,9,230.000000000,""01:04:00"",""00:23:00"",""00:13:00"",""00:19:00"",""00:01:00"",,Ski"
"79376,46,6,Available,1,CrossCountry,,Athlete,,,9,108.000000000,""00:43:00"",""00:31:00"",""00:01:00"",""00:00:00"",""00:00:00"",,Ski"
"79377,46,6,Available,1,CrossCountry,,Athlete,,,9,136.000000000,""01:15:00"",""00:29:00"",""00:01:00"",""00:00:00"",""00:00:00"",,Ski"
"79437,46,6,Available,1,CrossCountry,,Athlete,,,9,40.000000000,""00:30:00"",""00:05:00"",""00:00:00"",""00:00:00"",""00:00:00"",,Fusslauf"
"79561,46,6,Available,1,CrossCountry,,Athlete,,,9,180.000000000,""01:10:00"",""00:40:00"",""00:10:00"",""00:00:00"",""00:00:00"",,Ski"
"79649,46,6,Available,1,CrossCountry,,Athlete,,,9,83.000000000,""01:17:00"",""00:03:00"",""00:00:00"",""00:00:00"",""00:00:00"",,Fusslauf"
"79650,46,6,Available,1,CrossCountry,,Athlete,,,9,248.000000000,""00:49:00"",""00:39:00"",""00:09:00"",""00:21:00"",""00:02:00"",,Ski"
"79823,46,6,Available,1,CrossCountry,,Athlete,,,9,50.000000000,""00:50:00"",""00:00:00"",""00:00:00"",""00:00:00"",""00:00:00"",,Fusslauf"
"79824,46,6,Available,1,CrossCountry,,Athlete,,,9,169.000000000,""00:47:00"",""00:52:00"",""00:06:00"",""00:00:00"",""00:00:00"",,Ski"
"79825,46,6,Available,1,CrossCountry,,Athlete,,,9,93.000000000,""00:27:00"",""00:33:00"",""00:00:00"",""00:00:00"",""00:00:00"",,Ski"
"79915,46,6,Available,1,CrossCountry,,Athlete,,,9,257.000000000,""00:30:00"",""00:10:00"",""00:10:00"",""00:23:00"",""00:17:00"",,Ski"
"79916,46,6,Available,1,CrossCountry,,Athlete,,,9,10.000000000,""00:10:00"",""00:00:00"",""00:00:00"",""00:00:00"",""00:00:00"",,Fusslauf"
"80101,46,6,Available,1,CrossCountry,,Athlete,,,9,110.000000000,""01:10:00"",""00:20:00"",""00:00:00"",""00:00:00"",""00:00:00"",,Ski"
"80102,46,6,Available,1,CrossCountry,,Athlete,,,9,180.000000000,""01:00:00"",""01:00:00"",""00:00:00"",""00:00:00"",""00:00:00"",,Ski"
"80103,46,6,Available,1,CrossCountry,,Athlete,,,9,88.000000000,""00:32:00"",""00:28:00"",""00:00:00"",""00:00:00"",""00:00:00"",,Ski"
"80141,46,6,Available,1,CrossCountry,,Athlete,,,9,158.000000000,""00:46:00"",""00:03:00"",""00:05:00"",""00:14:00"",""00:07:00"",,Fusslauf"
"80142,46,6,Available,1,CrossCountry,,Athlete,,,9,15.000000000,""00:15:00"",""00:00:00"",""00:00:00"",""00:00:00"",""00:00:00"",Rennvelo,"
"80262,46,6,Available,1,CrossCountry,,Athlete,,,9,155.000000000,""01:27:00"",""00:31:00"",""00:02:00"",""00:00:00"",""00:00:00"",,Ski"
"80263,46,6,Available,1,CrossCountry,,Athlete,,,9,108.000000000,""01:12:00"",""00:18:00"",""00:00:00"",""00:00:00"",""00:00:00"",,Ski"
"80598,46,6,Available,1,CrossCountry,,Athlete,,,9,221.000000000,""01:06:00"",""00:25:00"",""00:11:00"",""00:18:00"",""00:00:00"",,Ski"
"80600,46,6,Available,1,CrossCountry,,Athlete,,,9,71.000000000,""00:22:00"",""00:20:00"",""00:03:00"",""00:00:00"",""00:00:00"",,Fusslauf"
"80789,46,6,Available,1,CrossCountry,,Athlete,,,9,30.000000000,""00:30:00"",""00:00:00"",""00:00:00"",""00:00:00"",""00:00:00"",Rennvelo,"
"80791,46,6,Available,1,CrossCountry,,Athlete,,,9,186.000000000,""00:55:00"",""00:22:00"",""00:05:00"",""00:18:00"",""00:00:00"",,Ski"
"80894,46,6,Available,1,CrossCountry,,Athlete,,,9,105.000000000,""01:15:00"",""00:15:00"",""00:00:00"",""00:00:00"",""00:00:00"",,Ski"
"81133,46,6,Available,1,CrossCountry,,Athlete,,,9,61.000000000,""00:50:00"",""00:04:00"",""00:01:00"",""00:00:00"",""00:00:00"",,Fusslauf"
"81134,46,6,Available,1,CrossCountry,,Athlete,,,9,161.000000000,""01:20:00"",""00:39:00"",""00:01:00"",""00:00:00"",""00:00:00"",,Ski"
"81135,46,6,Available,1,CrossCountry,,Athlete,,,9,51.000000000,""00:09:00"",""00:21:00"",""00:00:00"",""00:00:00"",""00:00:00"",,Fusslauf"
"81319,46,6,Available,1,CrossCountry,,Athlete,,,9,93.000000000,""01:17:00"",""00:08:00"",""00:00:00"",""00:00:00"",""00:00:00"",,Ski"
"81361,46,6,Available,1,CrossCountry,,Athlete,,,9,45.000000000,""00:25:00"",""00:10:00"",""00:00:00"",""00:00:00"",""00:00:00"",,Fusslauf"
"81362,46,6,Available,1,CrossCountry,,Athlete,,,9,25.000000000,""00:25:00"",""00:00:00"",""00:00:00"",""00:00:00"",""00:00:00"",Rennvelo,"
"81363,46,6,Available,1,CrossCountry,,Athlete,,,9,169.000000000,""00:34:00"",""00:20:00"",""00:09:00"",""00:17:00"",""00:00:00"",,Ski"
"81453,46,6,Available,1,CrossCountry,,Athlete,,,9,195.000000000,""00:55:00"",""00:55:00"",""00:10:00"",""00:00:00"",""00:00:00"",,Ski"
"81454,46,6,Available,1,CrossCountry,,Athlete,,,9,10.000000000,""00:10:00"",""00:00:00"",""00:00:00"",""00:00:00"",""00:00:00"",Rennvelo,"
"81618,46,6,Available,1,CrossCountry,,Athlete,,,9,116.000000000,""00:42:00"",""00:25:00"",""00:08:00"",""00:00:00"",""00:00:00"",,Ski"
"81619,46,6,Available,1,CrossCountry,,Athlete,,,9,62.000000000,""00:28:00"",""00:17:00"",""00:00:00"",""00:00:00"",""00:00:00"",,Ski"
"81620,46,6,Available,1,CrossCountry,,Athlete,,,9,20.000000000,""00:20:00"",""00:00:00"",""00:00:00"",""00:00:00"",""00:00:00"",Rennvelo,"
"81621,46,6,Available,1,CrossCountry,,Athlete,,,9,64.000000000,""00:17:00"",""00:10:00"",""00:05:00"",""00:03:00"",""00:00:00"",,Rollski"
"81673,46,6,Available,1,CrossCountry,,Athlete,,,9,40.000000000,""00:10:00"",""00:15:00"",""00:00:00"",""00:00:00"",""00:00:00"",,Fusslauf"
"81674,46,6,Available,1,CrossCountry,,Athlete,,,9,340.000000000,""00:22:00"",""00:35:00"",""00:25:00"",""00:17:00"",""00:21:00"",,Ski"
"81675,46,6,Available,1,CrossCountry,,Athlete,,,9,52.000000000,""00:38:00"",""00:07:00"",""00:00:00"",""00:00:00"",""00:00:00"",,Fusslauf"
"81789,46,6,Available,1,CrossCountry,,Athlete,,,9,303.000000000,""01:05:00"",""00:17:00"",""00:13:00"",""00:35:00"",""00:05:00"",,Ski"
"82011,46,6,Available,1,CrossCountry,,Athlete,,,9,154.000000000,""01:10:00"",""00:36:00"",""00:04:00"",""00:00:00"",""00:00:00"",,Ski"
"82012,46,6,Available,1,CrossCountry,,Athlete,,,9,104.000000000,""01:16:00"",""00:14:00"",""00:00:00"",""00:00:00"",""00:00:00"",,Ski"
"82296,46,6,Available,1,CrossCountry,,Athlete,,,9,30.000000000,""00:30:00"",""00:00:00"",""00:00:00"",""00:00:00"",""00:00:00"",,Fusslauf"
"82297,46,6,Available,1,CrossCountry,,Athlete,,,9,259.000000000,""00:23:00"",""00:21:00"",""00:30:00"",""00:26:00"",""00:00:00"",,Ski"
"82424,46,6,Available,1,CrossCountry,,Athlete,,,9,41.000000000,""00:29:00"",""00:06:00"",""00:00:00"",""00:00:00"",""00:00:00"",,Fusslauf"
"82425,46,6,Available,1,CrossCountry,,Athlete,,,9,10.000000000,""00:10:00"",""00:00:00"",""00:00:00"",""00:00:00"",""00:00:00"",,Fusslauf"
"82426,46,6,Available,1,CrossCountry,,Athlete,,,9,416.000000000,""00:12:00"",""01:01:00"",""00:38:00"",""00:27:00"",""00:12:00"",,Ski"
"82491,46,6,Available,1,CrossCountry,,Athlete,,,9,49.000000000,""00:11:00"",""00:19:00"",""00:00:00"",""00:00:00"",""00:00:00"",,Fusslauf"
"82619,46,6,Available,1,CrossCountry,,Athlete,,,9,280.000000000,""00:17:00"",""00:23:00"",""00:17:00"",""00:19:00"",""00:18:00"",,Ski"
"82620,46,6,Available,1,CrossCountry,,Athlete,,,9,25.000000000,""00:25:00"",""00:00:00"",""00:00:00"",""00:00:00"",""00:00:00"",,Ski"
"82679,46,6,Available,1,CrossCountry,,Athlete,,,9,40.000000000,""00:10:00"",""00:15:00"",""00:00:00"",""00:00:00"",""00:00:00"",,Fusslauf"
"82680,46,6,Available,1,CrossCountry,,Athlete,,,9,10.000000000,""00:10:00"",""00:00:00"",""00:00:00"",""00:00:00"",""00:00:00"",,Fusslauf"
"82681,46,6,Available,1,CrossCountry,,Athlete,,,9,266.000000000,""00:37:00"",""00:24:00"",""00:14:00"",""00:11:00"",""00:19:00"",,Ski"
"82931,46,6,Available,1,CrossCountry,,Athlete,,,9,228.000000000,""00:31:00"",""00:43:00"",""00:13:00"",""00:18:00"",""00:00:00"",,Ski"
"82933,46,6,Available,1,CrossCountry,,Athlete,,,9,30.000000000,""00:30:00"",""00:00:00"",""00:00:00"",""00:00:00"",""00:00:00"",,Fusslauf"
"82934,46,6,Available,1,CrossCountry,,Athlete,,,9,20.000000000,""00:20:00"",""00:00:00"",""00:00:00"",""00:00:00"",""00:00:00"",Rennvelo,"
"82935,46,6,Available,1,CrossCountry,,Athlete,,,9,115.000000000,""01:05:00"",""00:25:00"",""00:00:00"",""00:00:00"",""00:00:00"",,Ski"
"83123,46,6,Available,1,CrossCountry,,Athlete,,,9,140.000000000,""01:40:00"",""00:20:00"",""00:00:00"",""00:00:00"",""00:00:00"",,Ski"
"83124,46,6,Available,1,CrossCountry,,Athlete,,,9,60.000000000,""01:00:00"",""00:00:00"",""00:00:00"",""00:00:00"",""00:00:00"",,Fusslauf"
"83217,46,6,Available,1,CrossCountry,,Athlete,,,9,75.000000000,""00:45:00"",""00:15:00"",""00:00:00"",""00:00:00"",""00:00:00"",,Ski"
"83303,46,6,Available,1,CrossCountry,,Athlete,,,9,10.000000000,""00:10:00"",""00:00:00"",""00:00:00"",""00:00:00"",""00:00:00"",,Fusslauf"
"83304,46,6,Available,1,CrossCountry,,Athlete,,,9,301.000000000,""00:38:00"",""00:50:00"",""00:30:00"",""00:12:00"",""00:05:00"",,Ski"
"83305,46,6,Available,1,CrossCountry,,Athlete,,,9,51.000000000,""00:02:00"",""00:20:00"",""00:03:00"",""00:00:00"",""00:00:00"",,Fusslauf"
"83373,46,6,Available,1,CrossCountry,,Athlete,,,9,231.000000000,""00:36:00"",""00:14:00"",""00:08:00"",""00:17:00"",""00:15:00"",,Ski"
"84230,46,6,Available,1,CrossCountry,,Athlete,,,9,59.000000000,""00:33:00"",""00:10:00"",""00:02:00"",""00:00:00"",""00:00:00"",,Ski"
"84231,46,6,Available,1,CrossCountry,,Athlete,,,9,115.000000000,""00:40:00"",""00:30:00"",""00:05:00"",""00:00:00"",""00:00:00"",,Ski"
"84238,46,6,Available,1,CrossCountry,,Athlete,,,9,309.000000000,""00:56:00"",""00:50:00"",""00:27:00"",""00:13:00"",""00:04:00"",,Ski"
"84327,46,6,Available,1,CrossCountry,,Athlete,,,9,30.000000000,""00:30:00"",""00:00:00"",""00:00:00"",""00:00:00"",""00:00:00"",Rennvelo,"
"84553,46,6,Available,1,CrossCountry,,Athlete,,,9,162.000000000,""00:34:00"",""00:55:00"",""00:06:00"",""00:00:00"",""00:00:00"",,Ski"
"84573,46,6,Available,1,CrossCountry,,Athlete,,,9,170.000000000,""01:20:00"",""00:30:00"",""00:10:00"",""00:00:00"",""00:00:00"",,Ski"
"84681,46,6,Available,1,CrossCountry,,Athlete,,,9,229.000000000,""01:13:00"",""01:15:00"",""00:02:00"",""00:00:00"",""00:00:00"",,Ski"
"84809,46,6,Available,1,CrossCountry,,Athlete,,,9,78.000000000,""01:12:00"",""00:03:00"",""00:00:00"",""00:00:00"",""00:00:00"",,Ski"
"84813,46,6,Available,1,CrossCountry,,Athlete,,,9,78.000000000,""00:15:00"",""00:27:00"",""00:03:00"",""00:00:00"",""00:00:00"",,Fusslauf"
"84814,46,6,Available,1,CrossCountry,,Athlete,,,9,15.000000000,""00:15:00"",""00:00:00"",""00:00:00"",""00:00:00"",""00:00:00"",Rennvelo,"
"84837,46,6,Available,1,CrossCountry,,Athlete,,,9,154.000000000,""00:33:00"",""00:50:00"",""00:07:00"",""00:00:00"",""00:00:00"",,Ski"
"84838,46,6,Available,1,CrossCountry,,Athlete,,,9,45.000000000,""00:45:00"",""00:00:00"",""00:00:00"",""00:00:00"",""00:00:00"",Rennvelo,"
"84918,46,6,Available,1,CrossCountry,,Athlete,,,9,245.000000000,""00:55:00"",""00:38:00"",""00:34:00"",""00:03:00"",""00:00:00"",,Ski"
"84919,46,6,Available,1,CrossCountry,,Athlete,,,9,30.000000000,""00:30:00"",""00:00:00"",""00:00:00"",""00:00:00"",""00:00:00"",Rennvelo,"
"84975,46,6,Available,1,CrossCountry,,Athlete,,,9,318.000000000,""00:37:00"",""01:01:00"",""00:12:00"",""00:27:00"",""00:03:00"",,Ski"
"84976,46,6,Available,1,CrossCountry,,Athlete,,,9,45.000000000,""00:45:00"",""00:00:00"",""00:00:00"",""00:00:00"",""00:00:00"",,Fusslauf"
"85109,46,6,Available,1,CrossCountry,,Athlete,,,9,171.000000000,""01:12:00"",""00:45:00"",""00:03:00"",""00:00:00"",""00:00:00"",,Ski"
"85110,46,6,Available,1,CrossCountry,,Athlete,,,9,20.000000000,""00:20:00"",""00:00:00"",""00:00:00"",""00:00:00"",""00:00:00"",Rennvelo,"
"85169,46,6,Available,1,CrossCountry,,Athlete,,,9,20.000000000,""00:20:00"",""00:00:00"",""00:00:00"",""00:00:00"",""00:00:00"",,Fusslauf"
"85224,46,6,Available,1,CrossCountry,,Athlete,,,9,184.000000000,""00:14:00"",""00:31:00"",""00:32:00"",""00:03:00"",""00:00:00"",,Ski"
"85225,46,6,Available,1,CrossCountry,,Athlete,,,9,20.000000000,""00:20:00"",""00:00:00"",""00:00:00"",""00:00:00"",""00:00:00"",,Fusslauf"
"85470,46,6,Available,1,CrossCountry,,Athlete,,,9,392.000000000,""00:38:00"",""00:20:00"",""00:21:00"",""00:29:00"",""00:27:00"",,Ski"
"85471,46,6,Available,1,CrossCountry,,Athlete,,,9,10.000000000,""00:10:00"",""00:00:00"",""00:00:00"",""00:00:00"",""00:00:00"",,Fusslauf"
"85472,46,6,Available,1,CrossCountry,,Athlete,,,9,20.000000000,""00:20:00"",""00:00:00"",""00:00:00"",""00:00:00"",""00:00:00"",,Fusslauf"
"85473,46,6,Available,1,CrossCountry,,Athlete,,,9,407.000000000,""00:25:00"",""01:14:00"",""00:37:00"",""00:22:00"",""00:07:00"",,Ski"
"85514,46,6,Available,1,CrossCountry,,Athlete,,,9,10.000000000,""00:10:00"",""00:00:00"",""00:00:00"",""00:00:00"",""00:00:00"",,Fusslauf"
"85515,46,6,Available,1,CrossCountry,,Athlete,,,9,225.000000000,""00:32:00"",""00:16:00"",""00:13:00"",""00:23:00"",""00:06:00"",,Ski"
"85574,46,6,Available,1,CrossCountry,,Athlete,,,9,28.000000000,""00:12:00"",""00:08:00"",""00:00:00"",""00:00:00"",""00:00:00"",,Fusslauf"
"85858,46,6,Available,1,CrossCountry,,Athlete,,,9,71.000000000,""00:49:00"",""00:11:00"",""00:00:00"",""00:00:00"",""00:00:00"",,Ski"
"87952,46,6,Available,1,CrossCountry,,Athlete,,,9,256.000000000,""00:44:00"",""00:36:00"",""00:20:00"",""00:20:00"",""00:00:00"",,Ski"
"87953,46,6,Available,1,CrossCountry,,Athlete,,,9,162.000000000,""01:19:00"",""00:40:00"",""00:01:00"",""00:00:00"",""00:00:00"",,Ski"
"90226,46,6,Available,1,CrossCountry,,Athlete,,,9,209.000000000,""00:50:00"",""00:21:00"",""00:08:00"",""00:12:00"",""00:09:00"",,Ski"
"90227,46,6,Available,1,CrossCountry,,Athlete,,,9,25.000000000,""00:25:00"",""00:00:00"",""00:00:00"",""00:00:00"",""00:00:00"",,Fusslauf"
"90228,46,6,Available,1,CrossCountry,,Athlete,,,9,130.000000000,""01:50:00"",""00:10:00"",""00:00:00"",""00:00:00"",""00:00:00"",,Ski"
"90232,46,6,Available,1,CrossCountry,,Athlete,,,9,107.000000000,""01:43:00"",""00:02:00"",""00:00:00"",""00:00:00"",""00:00:00"",,Ski"
"90233,46,6,Available,1,CrossCountry,,Athlete,,,9,45.000000000,""00:45:00"",""00:00:00"",""00:00:00"",""00:00:00"",""00:00:00"",,Fusslauf"
"90306,46,6,Available,1,CrossCountry,,Athlete,,,9,130.000000000,""01:50:00"",""00:10:00"",""00:00:00"",""00:00:00"",""00:00:00"",,Ski"
"90307,46,6,Available,1,CrossCountry,,Athlete,,,9,63.000000000,""00:57:00"",""00:03:00"",""00:00:00"",""00:00:00"",""00:00:00"",,Ski"
"90404,46,6,Available,1,CrossCountry,,Athlete,,,9,126.000000000,""01:15:00"",""00:24:00"",""00:01:00"",""00:00:00"",""00:00:00"",,Ski"
"90488,46,6,Available,1,CrossCountry,,Athlete,,,9,60.000000000,""01:00:00"",""00:00:00"",""00:00:00"",""00:00:00"",""00:00:00"",,Ski"
"90489,46,6,Available,1,CrossCountry,,Athlete,,,9,187.000000000,""00:57:00"",""00:10:00"",""00:22:00"",""00:11:00"",""00:00:00"",,Ski"
"90548,46,6,Available,1,CrossCountry,,Athlete,,,9,139.000000000,""01:23:00"",""00:25:00"",""00:02:00"",""00:00:00"",""00:00:00"",,Ski"
"90549,46,6,Available,1,CrossCountry,,Athlete,,,9,30.000000000,""00:30:00"",""00:00:00"",""00:00:00"",""00:00:00"",""00:00:00"",,Fusslauf"
"90626,46,6,Available,1,CrossCountry,,Athlete,,,9,15.000000000,""00:15:00"",""00:00:00"",""00:00:00"",""00:00:00"",""00:00:00"",,Fusslauf"
"90682,46,6,Available,1,CrossCountry,,Athlete,,,9,141.000000000,""00:40:00"",""00:21:00"",""00:17:00"",""00:02:00"",""00:00:00"",,Ski"
"90683,46,6,Available,1,CrossCountry,,Athlete,,,9,20.000000000,""00:20:00"",""00:00:00"",""00:00:00"",""00:00:00"",""00:00:00"",,Fusslauf"
"90685,46,6,Available,1,CrossCountry,,Athlete,,,9,20.000000000,""00:20:00"",""00:00:00"",""00:00:00"",""00:00:00"",""00:00:00"",,Fusslauf"
"91231,46,6,Available,1,CrossCountry,,Athlete,,,9,157.000000000,""01:10:00"",""00:19:00"",""00:15:00"",""00:01:00"",""00:00:00"",,Ski"
"91236,46,6,Available,1,CrossCountry,,Athlete,,,9,100.000000000,""01:20:00"",""00:10:00"",""00:00:00"",""00:00:00"",""00:00:00"",,Ski"
"91237,46,6,Available,1,CrossCountry,,Athlete,,,9,262.000000000,""00:53:00"",""00:23:00"",""00:23:00"",""00:11:00"",""00:10:00"",,Ski"
"91238,46,6,Available,1,CrossCountry,,Athlete,,,9,10.000000000,""00:10:00"",""00:00:00"",""00:00:00"",""00:00:00"",""00:00:00"",,Fusslauf"
"91239,46,6,Available,1,CrossCountry,,Athlete,,,9,432.000000000,""00:48:00"",""00:14:00"",""00:18:00"",""00:48:00"",""00:22:00"",,Ski"
"91240,46,6,Available,1,CrossCountry,,Athlete,,,9,25.000000000,""00:15:00"",""00:05:00"",""00:00:00"",""00:00:00"",""00:00:00"",,Fusslauf"
"91341,46,6,Available,1,CrossCountry,,Athlete,,,9,43.000000000,""00:17:00"",""00:13:00"",""00:00:00"",""00:00:00"",""00:00:00"",,Fusslauf"
"91342,46,6,Available,1,CrossCountry,,Athlete,,,9,101.000000000,""00:13:00"",""00:14:00"",""00:12:00"",""00:06:00"",""00:00:00"",,Ski"
"91343,46,6,Available,1,CrossCountry,,Athlete,,,9,61.000000000,""00:17:00"",""00:12:00"",""00:04:00"",""00:02:00"",""00:00:00"",,Ski"
"91459,46,6,Available,1,CrossCountry,,Athlete,,,9,57.000000000,""00:07:00"",""00:19:00"",""00:04:00"",""00:00:00"",""00:00:00"",,Fusslauf"
"91460,46,6,Available,1,CrossCountry,,Athlete,,,9,291.000000000,""00:22:00"",""00:26:00"",""00:25:00"",""00:18:00"",""00:14:00"",,Ski"
"91529,46,6,Available,1,CrossCountry,,Athlete,,,9,353.000000000,""00:33:00"",""00:26:00"",""00:12:00"",""00:13:00"",""00:36:00"",,Ski"
"91551,46,6,Available,1,CrossCountry,,Athlete,,,9,283.000000000,""00:57:00"",""00:26:00"",""00:35:00"",""00:16:00"",""00:01:00"",,Ski"
"91732,46,6,Available,1,CrossCountry,,Athlete,,,9,50.000000000,""00:50:00"",""00:00:00"",""00:00:00"",""00:00:00"",""00:00:00"",,Ski"
"91978,46,6,Available,1,CrossCountry,,Athlete,,,9,62.000000000,""00:58:00"",""00:02:00"",""00:00:00"",""00:00:00"",""00:00:00"",,Ski"
"91979,46,6,Available,1,CrossCountry,,Athlete,,,9,223.000000000,""01:06:00"",""00:11:00"",""00:37:00"",""00:06:00"",""00:00:00"",,Ski"
"91980,46,6,Available,1,CrossCountry,,Athlete,,,9,84.000000000,""01:16:00"",""00:04:00"",""00:00:00"",""00:00:00"",""00:00:00"",,Ski"
"92041,46,6,Available,1,CrossCountry,,Athlete,,,9,40.000000000,""00:20:00"",""00:10:00"",""00:00:00"",""00:00:00"",""00:00:00"",,Fusslauf"
"92177,46,6,Available,1,CrossCountry,,Athlete,,,9,70.000000000,""00:50:00"",""00:10:00"",""00:00:00"",""00:00:00"",""00:00:00"",,Ski"
"92178,46,6,Available,1,CrossCountry,,Athlete,,,9,198.000000000,""00:57:00"",""00:17:00"",""00:09:00"",""00:20:00"",""00:00:00"",,Ski"
"92183,46,6,Available,1,CrossCountry,,Athlete,,,9,110.000000000,""01:10:00"",""00:20:00"",""00:00:00"",""00:00:00"",""00:00:00"",,Ski"
"92327,46,6,Available,1,CrossCountry,,Athlete,,,9,79.000000000,""00:41:00"",""00:19:00"",""00:00:00"",""00:00:00"",""00:00:00"",,Ski"
"92330,46,6,Available,1,CrossCountry,,Athlete,,,9,85.000000000,""00:57:00"",""00:11:00"",""00:02:00"",""00:00:00"",""00:00:00"",,Ski"
"92331,46,6,Available,1,CrossCountry,,Athlete,,,9,20.000000000,""00:20:00"",""00:00:00"",""00:00:00"",""00:00:00"",""00:00:00"",,Fusslauf"
"92332,46,6,Available,1,CrossCountry,,Athlete,,,9,341.000000000,""00:34:00"",""00:37:00"",""00:28:00"",""00:31:00"",""00:05:00"",,Ski"
"92559,46,6,Available,1,CrossCountry,,Athlete,,,9,60.000000000,""00:50:00"",""00:05:00"",""00:00:00"",""00:00:00"",""00:00:00"",,Ski"
"92560,46,6,Available,1,CrossCountry,,Athlete,,,9,30.000000000,""00:10:00"",""00:10:00"",""00:00:00"",""00:00:00"",""00:00:00"",,Fusslauf"
"92561,46,6,Available,1,CrossCountry,,Athlete,,,9,355.000000000,""00:13:00"",""00:24:00"",""00:15:00"",""00:16:00"",""00:37:00"",,Ski"
"92562,46,6,Available,1,CrossCountry,,Athlete,,,9,50.000000000,""00:50:00"",""00:00:00"",""00:00:00"",""00:00:00"",""00:00:00"",,Ski"
"92563,46,6,Available,1,CrossCountry,,Athlete,,,9,15.000000000,""00:15:00"",""00:00:00"",""00:00:00"",""00:00:00"",""00:00:00"",,Fusslauf"
"92720,46,6,Available,1,CrossCountry,,Athlete,,,9,185.000000000,""00:21:00"",""00:19:00"",""00:19:00"",""00:11:00"",""00:05:00"",,Ski"
"92721,46,6,Available,1,CrossCountry,,Athlete,,,9,20.000000000,""00:20:00"",""00:00:00"",""00:00:00"",""00:00:00"",""00:00:00"",,Fusslauf"
"92722,46,6,Available,1,CrossCountry,,Athlete,,,9,15.000000000,""00:15:00"",""00:00:00"",""00:00:00"",""00:00:00"",""00:00:00"",,Fusslauf"
"92724,46,6,Available,1,CrossCountry,,Athlete,,,9,279.000000000,""00:19:00"",""00:15:00"",""00:17:00"",""00:16:00"",""00:23:00"",,Ski"
"93142,46,6,Available,1,CrossCountry,,Athlete,,,9,40.000000000,""00:40:00"",""00:00:00"",""00:00:00"",""00:00:00"",""00:00:00"",,Fusslauf"
"93143,46,6,Available,1,CrossCountry,,Athlete,,,9,247.000000000,""00:50:00"",""00:32:00"",""00:19:00"",""00:19:00"",""00:00:00"",,Ski"
"93144,46,6,Available,1,CrossCountry,,Athlete,,,9,160.000000000,""02:00:00"",""00:20:00"",""00:00:00"",""00:00:00"",""00:00:00"",,Ski"
"93145,46,6,Available,1,CrossCountry,,Athlete,,,9,85.000000000,""01:05:00"",""00:10:00"",""00:00:00"",""00:00:00"",""00:00:00"",,Ski"
"93239,46,6,Available,1,CrossCountry,,Athlete,,,9,45.000000000,""00:45:00"",""00:00:00"",""00:00:00"",""00:00:00"",""00:00:00"",,Fusslauf"
"93241,46,6,Available,1,CrossCountry,,Athlete,,,9,93.000000000,""01:27:00"",""00:03:00"",""00:00:00"",""00:00:00"",""00:00:00"",,Ski"
"93242,46,6,Available,1,CrossCountry,,Athlete,,,9,192.000000000,""01:22:00"",""00:14:00"",""00:14:00"",""00:10:00"",""00:00:00"",,Ski"
"93730,46,6,Available,1,CrossCountry,,Athlete,,,9,210.000000000,""02:30:00"",""00:30:00"",""00:00:00"",""00:00:00"",""00:00:00"",,Ski"
"93766,46,6,Available,1,CrossCountry,,Athlete,,,9,30.000000000,""00:30:00"",""00:00:00"",""00:00:00"",""00:00:00"",""00:00:00"",,Fusslauf"
"93767,46,6,Available,1,CrossCountry,,Athlete,,,9,65.000000000,""00:55:00"",""00:05:00"",""00:00:00"",""00:00:00"",""00:00:00"",,Ski"
"93768,46,6,Available,1,CrossCountry,,Athlete,,,9,214.000000000,""01:29:00"",""00:31:00"",""00:17:00"",""00:03:00"",""00:00:00"",,Ski"
"93769,46,6,Available,1,CrossCountry,,Athlete,,,9,154.000000000,""01:00:00"",""00:41:00"",""00:04:00"",""00:00:00"",""00:00:00"",,Ski"
"93868,46,6,Available,1,CrossCountry,,Athlete,,,9,30.000000000,""00:10:00"",""00:10:00"",""00:00:00"",""00:00:00"",""00:00:00"",,Fusslauf"
"93869,46,6,Available,1,CrossCountry,,Athlete,,,9,127.000000000,""00:38:00"",""00:23:00"",""00:13:00"",""00:01:00"",""00:00:00"",,Ski"
"94002,46,6,Available,1,CrossCountry,,Athlete,,,9,276.000000000,""00:51:00"",""00:26:00"",""00:11:00"",""00:20:00"",""00:12:00"",,Ski"
"94003,46,6,Available,1,CrossCountry,,Athlete,,,9,20.000000000,""00:10:00"",""00:05:00"",""00:00:00"",""00:00:00"",""00:00:00"",,Fusslauf"
"94004,46,6,Available,1,CrossCountry,,Athlete,,,9,40.000000000,""00:10:00"",""00:15:00"",""00:00:00"",""00:00:00"",""00:00:00"",,Fusslauf"
"94005,46,6,Available,1,CrossCountry,,Athlete,,,9,297.000000000,""00:27:00"",""00:28:00"",""00:12:00"",""00:12:00"",""00:26:00"",,Ski"
"94006,46,6,Available,1,CrossCountry,,Athlete,,,9,23.000000000,""00:07:00"",""00:08:00"",""00:00:00"",""00:00:00"",""00:00:00"",,Fusslauf"
"94310,46,6,Available,1,CrossCountry,,Athlete,,,9,100.000000000,""01:20:00"",""00:10:00"",""00:00:00"",""00:00:00"",""00:00:00"",,Ski"
"94311,46,6,Available,1,CrossCountry,,Athlete,,,9,182.000000000,""00:33:00"",""00:52:00"",""00:15:00"",""00:00:00"",""00:00:00"",,Ski"
"94461,46,6,Available,1,CrossCountry,,Athlete,,,9,30.000000000,""00:10:00"",""00:10:00"",""00:00:00"",""00:00:00"",""00:00:00"",,Fusslauf"
"94462,46,6,Available,1,CrossCountry,,Athlete,,,9,81.000000000,""00:40:00"",""00:19:00"",""00:01:00"",""00:00:00"",""00:00:00"",,Ski"
"94466,46,6,Available,1,CrossCountry,,Athlete,,,9,144.000000000,""00:54:00"",""00:21:00"",""00:12:00"",""00:03:00"",""00:00:00"",,Ski"
"94467,46,6,Available,1,CrossCountry,,Athlete,,,9,28.000000000,""00:12:00"",""00:08:00"",""00:00:00"",""00:00:00"",""00:00:00"",,Fusslauf"
"94665,46,6,Available,1,CrossCountry,,Athlete,,,9,35.000000000,""00:05:00"",""00:15:00"",""00:00:00"",""00:00:00"",""00:00:00"",,Fusslauf"
"94666,46,6,Available,1,CrossCountry,,Athlete,,,9,396.000000000,""00:18:00"",""00:18:00"",""00:21:00"",""00:36:00"",""00:27:00"",,Ski"
"94667,46,6,Available,1,CrossCountry,,Athlete,,,9,150.000000000,""00:56:00"",""00:17:00"",""00:10:00"",""00:05:00"",""00:02:00"",,Ski"
"95281,46,6,Available,1,CrossCountry,,Athlete,,,9,40.000000000,""00:40:00"",""00:00:00"",""00:00:00"",""00:00:00"",""00:00:00"",Rennvelo,"
"95282,46,6,Available,1,CrossCountry,,Athlete,,,9,246.000000000,""00:41:00"",""00:40:00"",""00:31:00"",""00:08:00"",""00:00:00"",,Ski"
"95283,46,6,Available,1,CrossCountry,,Athlete,,,9,170.000000000,""01:10:00"",""00:50:00"",""00:00:00"",""00:00:00"",""00:00:00"",,Ski"
"95288,46,6,Available,1,CrossCountry,,Athlete,,,9,50.000000000,""00:30:00"",""00:10:00"",""00:00:00"",""00:00:00"",""00:00:00"",Zugmaschine,"
"95289,46,6,Available,1,CrossCountry,,Athlete,,,9,20.000000000,""00:20:00"",""00:00:00"",""00:00:00"",""00:00:00"",""00:00:00"",,"
"95293,46,6,Available,1,CrossCountry,,Athlete,,,9,45.000000000,""00:45:00"",""00:00:00"",""00:00:00"",""00:00:00"",""00:00:00"",,"
"95484,46,6,Available,1,CrossCountry,,Athlete,,,9,90.000000000,""00:20:00"",""00:20:00"",""00:10:00"",""00:00:00"",""00:00:00"",,Ski"
"95485,46,6,Available,1,CrossCountry,,Athlete,,,9,30.000000000,""00:10:00"",""00:10:00"",""00:00:00"",""00:00:00"",""00:00:00"",,Fusslauf"
"95486,46,6,Available,1,CrossCountry,,Athlete,,,9,268.000000000,""00:12:00"",""00:05:00"",""00:10:00"",""00:24:00"",""00:24:00"",,Ski"
"95892,46,6,Available,1,CrossCountry,,Athlete,,,9,585.000000000,""09:15:00"",""00:15:00"",""00:00:00"",""00:00:00"",""00:00:00"",,Fusslauf"
"95896,46,6,Available,1,CrossCountry,,Athlete,,,9,200.000000000,""01:00:00"",""00:40:00"",""00:20:00"",""00:00:00"",""00:00:00"",,Ski"
"96113,46,6,Available,1,CrossCountry,,Athlete,,,9,68.000000000,""00:52:00"",""00:08:00"",""00:00:00"",""00:00:00"",""00:00:00"",,Ski"
"96371,46,6,Available,1,CrossCountry,,Athlete,,,9,70.000000000,""00:30:00"",""00:20:00"",""00:00:00"",""00:00:00"",""00:00:00"",,Ski"
"96372,46,6,Available,1,CrossCountry,,Athlete,,,9,10.000000000,""00:10:00"",""00:00:00"",""00:00:00"",""00:00:00"",""00:00:00"",,Fusslauf"
"96373,46,6,Available,1,CrossCountry,,Athlete,,,9,10.000000000,""00:10:00"",""00:00:00"",""00:00:00"",""00:00:00"",""00:00:00"",,Fusslauf"
"96374,46,6,Available,1,CrossCountry,,Athlete,,,9,479.000000000,""00:03:00"",""01:13:00"",""00:46:00"",""00:23:00"",""00:20:00"",,Ski"
"96493,46,6,Available,1,CrossCountry,,Athlete,,,9,348.000000000,""00:15:00"",""00:02:00"",""00:06:00"",""00:24:00"",""00:43:00"",,Ski"
"96494,46,6,Available,1,CrossCountry,,Athlete,,,9,36.000000000,""00:13:00"",""00:01:00"",""00:03:00"",""00:03:00"",""00:00:00"",,Fusslauf"
"96495,46,6,Available,1,CrossCountry,,Athlete,,,9,288.000000000,""00:23:00"",""00:32:00"",""00:18:00"",""00:13:00"",""00:19:00"",,Ski"
"96496,46,6,Available,1,CrossCountry,,Athlete,,,9,27.000000000,""00:13:00"",""00:07:00"",""00:00:00"",""00:00:00"",""00:00:00"",,Fusslauf"
"96840,46,6,Available,1,CrossCountry,,Athlete,,,9,147.000000000,""00:33:00"",""00:27:00"",""00:20:00"",""00:00:00"",""00:00:00"",,Ski"
"96843,46,6,Available,1,CrossCountry,,Athlete,,,9,255.000000000,""00:21:00"",""00:43:00"",""00:36:00"",""00:10:00"",""00:00:00"",,Ski"
"96847,46,6,Available,1,CrossCountry,,Athlete,,,9,200.000000000,""01:01:00"",""00:40:00"",""00:17:00"",""00:02:00"",""00:00:00"",,Ski"
"97014,46,6,Available,1,CrossCountry,,Athlete,,,9,172.000000000,""00:29:00"",""00:18:00"",""00:09:00"",""00:15:00"",""00:04:00"",,Ski"
"97411,46,6,Available,1,CrossCountry,,Athlete,,,9,30.000000000,""00:30:00"",""00:00:00"",""00:00:00"",""00:00:00"",""00:00:00"",Rennvelo,"
"97412,46,6,Available,1,CrossCountry,,Athlete,,,9,42.000000000,""00:28:00"",""00:07:00"",""00:00:00"",""00:00:00"",""00:00:00"",,Fusslauf"
"97479,46,6,Available,1,CrossCountry,,Athlete,,,9,155.000000000,""00:30:00"",""00:33:00"",""00:10:00"",""00:06:00"",""00:01:00"",,Ski"
"97754,46,6,Available,1,CrossCountry,,Athlete,,,9,238.000000000,""00:23:00"",""01:20:00"",""00:13:00"",""00:04:00"",""00:00:00"",,"
"99682,46,6,Available,1,CrossCountry,,Athlete,,,9,170.000000000,""00:30:00"",""00:40:00"",""00:20:00"",""00:00:00"",""00:00:00"",,Ski"
"99683,46,6,Available,1,CrossCountry,,Athlete,,,9,232.000000000,""00:51:00"",""01:26:00"",""00:03:00"",""00:00:00"",""00:00:00"",,Ski"
"99684,46,6,Available,1,CrossCountry,,Athlete,,,9,45.000000000,""00:15:00"",""00:15:00"",""00:00:00"",""00:00:00"",""00:00:00"",,Fusslauf"
"99741,46,6,Available,1,CrossCountry,,Athlete,,,9,224.000000000,""00:14:00"",""01:03:00"",""00:28:00"",""00:00:00"",""00:00:00"",,Ski"
"99742,46,6,Available,1,CrossCountry,,Athlete,,,9,20.000000000,""00:20:00"",""00:00:00"",""00:00:00"",""00:00:00"",""00:00:00"",Rennvelo,"
"99743,46,6,Available,1,CrossCountry,,Athlete,,,9,10.000000000,""00:10:00"",""00:00:00"",""00:00:00"",""00:00:00"",""00:00:00"",,Fusslauf"
"99805,46,6,Available,1,CrossCountry,,Athlete,,,9,365.000000000,""02:00:00"",""01:10:00"",""00:35:00"",""00:00:00"",""00:00:00"",,Ski"
"99806,46,6,Available,1,CrossCountry,,Athlete,,,9,560.000000000,""01:10:00"",""00:50:00"",""01:30:00"",""00:30:00"",""00:00:00"",,Ski"
"99918,46,6,Available,1,CrossCountry,,Athlete,,,9,485.000000000,""01:37:00"",""02:14:00"",""00:36:00"",""00:03:00"",""00:00:00"",,Ski"
"99919,46,6,Available,1,CrossCountry,,Athlete,,,9,51.000000000,""00:29:00"",""00:11:00"",""00:00:00"",""00:00:00"",""00:00:00"",,Fusslauf"
"102108,46,6,Available,1,CrossCountry,,Athlete,,,9,193.000000000,""00:55:00"",""00:57:00"",""00:08:00"",""00:00:00"",""00:00:00"",Rennvelo,"
"102112,46,6,Available,1,CrossCountry,,Athlete,,,9,118.000000000,""00:35:00"",""00:37:00"",""00:03:00"",""00:00:00"",""00:00:00"",,Fusslauf"
"102843,46,6,Available,1,CrossCountry,,Athlete,,,9,77.000000000,""00:17:00"",""00:24:00"",""00:04:00"",""00:00:00"",""00:00:00"",,Fusslauf"
"102844,46,6,Available,1,CrossCountry,,Athlete,,,9,184.000000000,""01:04:00"",""00:48:00"",""00:08:00"",""00:00:00"",""00:00:00"",Rennvelo,"
"102846,46,6,Available,1,CrossCountry,,Athlete,,,9,100.000000000,""00:26:00"",""00:28:00"",""00:06:00"",""00:00:00"",""00:00:00"",,Fusslauf"
"103209,46,6,Available,1,CrossCountry,,Athlete,,,9,261.000000000,""00:24:00"",""01:04:00"",""00:21:00"",""00:09:00"",""00:02:00"",Rennvelo,"
"105686,46,6,Available,1,CrossCountry,,Athlete,,,9,230.000000000,""02:07:00"",""00:26:00"",""00:17:00"",""00:00:00"",""00:00:00"",,Fusslauf"
"105687,46,6,Available,1,CrossCountry,,Athlete,,,9,181.000000000,""00:48:00"",""00:32:00"",""00:11:00"",""00:09:00"",""00:00:00"",Rennvelo,"
"105688,46,6,Available,1,CrossCountry,,Athlete,,,9,191.000000000,""00:13:00"",""00:29:00"",""00:32:00"",""00:06:00"",""00:00:00"",,Fusslauf"
"106452,46,6,Available,1,CrossCountry,,Athlete,,,9,450.000000000,""05:09:00"",""00:57:00"",""00:09:00"",""00:00:00"",""00:00:00"",Rennvelo,"
"106454,46,6,Available,1,CrossCountry,,Athlete,,,9,161.000000000,""00:55:00"",""00:44:00"",""00:06:00"",""00:00:00"",""00:00:00"",,Rollski"
"107501,46,6,Available,1,CrossCountry,,Athlete,,,9,222.000000000,""01:52:00"",""00:49:00"",""00:04:00"",""00:00:00"",""00:00:00"",Rennvelo,"
"107503,46,6,Available,1,CrossCountry,,Athlete,,,9,72.000000000,""00:14:00"",""00:20:00"",""00:06:00"",""00:00:00"",""00:00:00"",,Fusslauf"
"107508,46,6,Available,1,CrossCountry,,Athlete,,,9,145.000000000,""00:10:00"",""00:10:00"",""00:05:00"",""00:25:00"",""00:00:00"",,Rollski"
"109015,46,6,Available,1,CrossCountry,,Athlete,,,9,196.000000000,""01:07:00"",""00:12:00"",""00:04:00"",""00:17:00"",""00:05:00"",,Fusslauf"
"109397,46,6,Available,1,CrossCountry,,Athlete,,,9,373.000000000,""02:51:00"",""01:35:00"",""00:04:00"",""00:00:00"",""00:00:00"",Rennvelo,"
"110750,46,6,Available,1,CrossCountry,,Athlete,,,9,158.000000000,""00:20:00"",""00:10:00"",""00:10:00"",""00:12:00"",""00:08:00"",,Rollski"
"110751,46,6,Available,1,CrossCountry,,Athlete,,,9,20.000000000,""00:20:00"",""00:00:00"",""00:00:00"",""00:00:00"",""00:00:00"",Rennvelo,"
"110752,46,6,Available,1,CrossCountry,,Athlete,,,9,30.000000000,""00:30:00"",""00:00:00"",""00:00:00"",""00:00:00"",""00:00:00"",Rennvelo,"
"110753,46,6,Available,1,CrossCountry,,Athlete,,,9,15.000000000,""00:15:00"",""00:00:00"",""00:00:00"",""00:00:00"",""00:00:00"",Rennvelo,"
"110754,46,6,Available,1,CrossCountry,,Athlete,,,9,153.000000000,""00:36:00"",""00:13:00"",""00:13:00"",""00:13:00"",""00:00:00"",,Rollski"
"111202,46,6,Available,1,CrossCountry,,Athlete,,,9,50.000000000,""00:50:00"",""00:00:00"",""00:00:00"",""00:00:00"",""00:00:00"",,Fusslauf"
"111203,46,6,Available,1,CrossCountry,,Athlete,,,9,120.000000000,""00:40:00"",""00:40:00"",""00:00:00"",""00:00:00"",""00:00:00"",,Rollski"
"111204,46,6,Available,1,CrossCountry,,Athlete,,,9,80.000000000,""00:25:00"",""00:20:00"",""00:05:00"",""00:00:00"",""00:00:00"",,Rollski"
"111207,46,6,Available,1,CrossCountry,,Athlete,,,9,75.000000000,""00:05:00"",""00:05:00"",""00:05:00"",""00:05:00"",""00:05:00"",,Rollski"
"111208,46,6,Available,1,CrossCountry,,Athlete,,,9,20.000000000,""00:20:00"",""00:00:00"",""00:00:00"",""00:00:00"",""00:00:00"",Rennvelo,"
"111632,46,6,Available,1,CrossCountry,,Athlete,,,9,107.000000000,""00:55:00"",""00:12:00"",""00:04:00"",""00:04:00"",""00:00:00"",,Fusslauf"
"111897,46,6,Available,1,CrossCountry,,Athlete,,,9,110.000000000,""01:00:00"",""00:25:00"",""00:00:00"",""00:00:00"",""00:00:00"",,Rollski"
"112083,46,6,Available,1,CrossCountry,,Athlete,,,9,221.000000000,""00:44:00"",""00:29:00"",""00:09:00"",""00:23:00"",""00:00:00"",,Rollski"
"112584,46,6,Available,1,CrossCountry,,Athlete,,,9,318.000000000,""02:57:00"",""00:52:00"",""00:07:00"",""00:04:00"",""00:00:00"",Rennvelo,"
"112585,46,6,Available,1,CrossCountry,,Athlete,,,9,42.000000000,""00:38:00"",""00:02:00"",""00:00:00"",""00:00:00"",""00:00:00"",,Fusslauf"
"113308,46,6,Available,1,CrossCountry,,Athlete,,,9,117.000000000,""00:31:00"",""00:31:00"",""00:08:00"",""00:00:00"",""00:00:00"",,Rollski"
"114808,46,6,Available,1,CrossCountry,,Athlete,,,9,94.000000000,""00:30:00"",""00:26:00"",""00:04:00"",""00:00:00"",""00:00:00"",,Fusslauf"
"115357,46,6,Available,1,CrossCountry,,Athlete,,,9,125.000000000,""01:20:00"",""00:15:00"",""00:05:00"",""00:00:00"",""00:00:00"",,Rollski"
"115358,46,6,Available,1,CrossCountry,,Athlete,,,9,135.000000000,""01:10:00"",""00:25:00"",""00:05:00"",""00:00:00"",""00:00:00"",,Rollski"
"115359,46,6,Available,1,CrossCountry,,Athlete,,,9,55.000000000,""00:20:00"",""00:10:00"",""00:05:00"",""00:00:00"",""00:00:00"",,Fusslauf"
"115361,46,6,Available,1,CrossCountry,,Athlete,,,9,180.000000000,""01:45:00"",""00:20:00"",""00:05:00"",""00:05:00"",""00:00:00"",,Rollski"
"115685,46,6,Available,1,CrossCountry,,Athlete,,,9,200.000000000,""00:53:00"",""00:05:00"",""00:03:00"",""00:17:00"",""00:12:00"",,Fusslauf"
"115686,46,6,Available,1,CrossCountry,,Athlete,,,9,126.000000000,""01:25:00"",""00:19:00"",""00:01:00"",""00:00:00"",""00:00:00"",Rennvelo,"
"116056,46,6,Available,1,CrossCountry,,Athlete,,,9,108.000000000,""01:32:00"",""00:08:00"",""00:00:00"",""00:00:00"",""00:00:00"",,Rollski"
"116059,46,6,Available,1,CrossCountry,,Athlete,,,9,20.000000000,""00:20:00"",""00:00:00"",""00:00:00"",""00:00:00"",""00:00:00"",,"
"116904,46,6,Available,1,CrossCountry,,Athlete,,,9,239.000000000,""00:17:00"",""01:00:00"",""00:30:00"",""00:03:00"",""00:00:00"",,Rollski"
"116905,46,6,Available,1,CrossCountry,,Athlete,,,9,190.000000000,""02:00:00"",""00:35:00"",""00:00:00"",""00:00:00"",""00:00:00"",,Ski"
"116906,46,6,Available,1,CrossCountry,,Athlete,,,9,182.000000000,""02:00:00"",""00:28:00"",""00:02:00"",""00:00:00"",""00:00:00"",,Ski"
"116983,46,6,Available,1,CrossCountry,,Athlete,,,9,173.000000000,""00:33:00"",""00:50:00"",""00:08:00"",""00:04:00"",""00:00:00"",,Fusslauf"
"117521,46,6,Available,1,CrossCountry,,Athlete,,,9,162.000000000,""00:36:00"",""00:13:00"",""00:04:00"",""00:22:00"",""00:00:00"",,Fusslauf"
"117522,46,6,Available,1,CrossCountry,,Athlete,,,9,203.000000000,""00:41:00"",""00:12:00"",""00:10:00"",""00:27:00"",""00:00:00"",,Rollski"
"117523,46,6,Available,1,CrossCountry,,Athlete,,,9,163.000000000,""01:57:00"",""00:23:00"",""00:00:00"",""00:00:00"",""00:00:00"",,Ski"
"117869,46,6,Available,1,CrossCountry,,Athlete,,,9,158.000000000,""01:25:00"",""00:32:00"",""00:03:00"",""00:00:00"",""00:00:00"",,Ski"
"118556,46,6,Available,1,CrossCountry,,Athlete,,,9,150.000000000,""02:00:00"",""00:15:00"",""00:00:00"",""00:00:00"",""00:00:00"",,Ski"
"118557,46,6,Available,1,CrossCountry,,Athlete,,,9,190.000000000,""02:20:00"",""00:25:00"",""00:00:00"",""00:00:00"",""00:00:00"",,Ski"
"118621,46,6,Available,1,CrossCountry,,Athlete,,,9,225.000000000,""01:00:00"",""00:15:00"",""00:45:00"",""00:00:00"",""00:00:00"",,Ski"
"118622,46,6,Available,1,CrossCountry,,Athlete,,,9,75.000000000,""01:15:00"",""00:00:00"",""00:00:00"",""00:00:00"",""00:00:00"",,Rollski"
"118623,46,6,Available,1,CrossCountry,,Athlete,,,9,147.000000000,""01:33:00"",""00:27:00"",""00:00:00"",""00:00:00"",""00:00:00"",,Fusslauf"
"119143,46,6,Available,1,CrossCountry,,Athlete,,,9,140.000000000,""01:40:00"",""00:20:00"",""00:00:00"",""00:00:00"",""00:00:00"",,Ski"
"119144,46,6,Available,1,CrossCountry,,Athlete,,,9,70.000000000,""00:50:00"",""00:10:00"",""00:00:00"",""00:00:00"",""00:00:00"",,Ski"
"119145,46,6,Available,1,CrossCountry,,Athlete,,,9,135.000000000,""01:45:00"",""00:15:00"",""00:00:00"",""00:00:00"",""00:00:00"",,Ski"
"119543,46,6,Available,1,CrossCountry,,Athlete,,,9,122.000000000,""00:50:00"",""00:04:00"",""00:03:00"",""00:10:00"",""00:03:00"",,Fusslauf"
"119545,46,6,Available,1,CrossCountry,,Athlete,,,9,90.000000000,""01:00:00"",""00:15:00"",""00:00:00"",""00:00:00"",""00:00:00"",Rennvelo,"
"120214,46,6,Available,1,CrossCountry,,Athlete,,,9,116.000000000,""01:03:00"",""00:25:00"",""00:01:00"",""00:00:00"",""00:00:00"",,Fusslauf"
"120216,46,6,Available,1,CrossCountry,,Athlete,,,9,172.000000000,""00:24:00"",""00:11:00"",""00:14:00"",""00:21:00"",""00:00:00"",,Rollski"
"120217,46,6,Available,1,CrossCountry,,Athlete,,,9,25.000000000,""00:25:00"",""00:00:00"",""00:00:00"",""00:00:00"",""00:00:00"",Rennvelo,"
"120531,46,6,Available,1,CrossCountry,,Athlete,,,9,81.000000000,""00:45:00"",""00:10:00"",""00:04:00"",""00:01:00"",""00:00:00"",,Rollski"
"120537,46,6,Available,1,CrossCountry,,Athlete,,,9,170.000000000,""00:23:00"",""00:54:00"",""00:13:00"",""00:00:00"",""00:00:00"",,Rollski"
"120538,46,6,Available,1,CrossCountry,,Athlete,,,9,127.000000000,""01:03:00"",""00:20:00"",""00:04:00"",""00:03:00"",""00:00:00"",,Rollski"
"120946,46,6,Available,1,CrossCountry,,Athlete,,,9,267.000000000,""03:12:00"",""00:33:00"",""00:03:00"",""00:00:00"",""00:00:00"",,Fusslauf"
"121815,46,6,Available,1,CrossCountry,,Athlete,,,9,280.000000000,""00:40:00"",""00:19:00"",""00:09:00"",""00:35:00"",""00:07:00"",,Rollski"
"121817,46,6,Available,1,CrossCountry,,Athlete,,,9,112.000000000,""01:38:00"",""00:07:00"",""00:00:00"",""00:00:00"",""00:00:00"",,Rollski"
"122303,46,6,Available,1,CrossCountry,,Athlete,,,9,223.000000000,""00:37:00"",""00:10:00"",""00:07:00"",""00:35:00"",""00:01:00"",,Fusslauf"
"122305,46,6,Available,1,CrossCountry,,Athlete,,,9,200.000000000,""01:20:00"",""00:35:00"",""00:10:00"",""00:05:00"",""00:00:00"",,Rollski"
"122562,46,6,Available,1,CrossCountry,,Athlete,,,9,60.000000000,""01:00:00"",""00:00:00"",""00:00:00"",""00:00:00"",""00:00:00"",,Rollski"
"122565,46,6,Available,1,CrossCountry,,Athlete,,,9,183.000000000,""02:57:00"",""00:03:00"",""00:00:00"",""00:00:00"",""00:00:00"",Rennvelo,"
"123375,46,6,Available,1,CrossCountry,,Athlete,,,9,112.000000000,""01:08:00"",""00:22:00"",""00:00:00"",""00:00:00"",""00:00:00"",,Rollski"
"123376,46,6,Available,1,CrossCountry,,Athlete,,,9,94.000000000,""01:26:00"",""00:04:00"",""00:00:00"",""00:00:00"",""00:00:00"",,Rollski"
"123377,46,6,Available,1,CrossCountry,,Athlete,,,9,189.000000000,""00:49:00"",""00:43:00"",""00:18:00"",""00:00:00"",""00:00:00"",,Rollski"
"123509,46,6,Available,1,CrossCountry,,Athlete,,,9,204.000000000,""02:36:00"",""00:24:00"",""00:00:00"",""00:00:00"",""00:00:00"",,Rollski"
"123889,46,6,Available,1,CrossCountry,,Athlete,,,9,223.000000000,""01:55:00"",""00:42:00"",""00:08:00"",""00:00:00"",""00:00:00"",,Fusslauf"
"123890,46,6,Available,1,CrossCountry,,Athlete,,,9,150.000000000,""00:45:00"",""00:30:00"",""00:15:00"",""00:00:00"",""00:00:00"",,Rollski"
"123891,46,6,Available,1,CrossCountry,,Athlete,,,9,221.000000000,""00:55:00"",""00:16:00"",""00:06:00"",""00:24:00"",""00:04:00"",,Rollski"
"124204,46,6,Available,1,CrossCountry,,Athlete,,,9,270.000000000,""00:50:00"",""00:15:00"",""00:30:00"",""00:25:00"",""00:00:00"",,Fusslauf"
"124647,46,6,Available,1,CrossCountry,,Athlete,,,9,148.000000000,""01:32:00"",""00:28:00"",""00:00:00"",""00:00:00"",""00:00:00"",,Rollski"
"124648,46,6,Available,1,CrossCountry,,Athlete,,,9,211.000000000,""01:16:00"",""00:57:00"",""00:07:00"",""00:00:00"",""00:00:00"",,Fusslauf"
"125084,46,6,Available,1,CrossCountry,,Athlete,,,9,85.000000000,""00:34:00"",""00:05:00"",""00:04:00"",""00:06:00"",""00:01:00"",,Rollski"
"125085,46,6,Available,1,CrossCountry,,Athlete,,,9,168.000000000,""00:45:00"",""00:08:00"",""00:07:00"",""00:14:00"",""00:06:00"",,Rollski"
"126040,46,6,Available,1,CrossCountry,,Athlete,,,9,180.000000000,""01:30:00"",""00:45:00"",""00:00:00"",""00:00:00"",""00:00:00"",,Fusslauf"
"126041,46,6,Available,1,CrossCountry,,Athlete,,,9,155.000000000,""01:30:00"",""00:25:00"",""00:05:00"",""00:00:00"",""00:00:00"",,Fusslauf"
"126148,46,6,Available,1,CrossCountry,,Athlete,,,9,258.000000000,""03:42:00"",""00:18:00"",""00:00:00"",""00:00:00"",""00:00:00"",,Fusslauf"
"126593,46,6,Available,1,CrossCountry,,Athlete,,,9,142.000000000,""01:42:00"",""00:14:00"",""00:04:00"",""00:00:00"",""00:00:00"",,Fusslauf"
"126598,46,6,Available,1,CrossCountry,,Athlete,,,9,333.000000000,""00:45:00"",""00:12:00"",""00:08:00"",""00:35:00"",""00:20:00"",,Fusslauf"
"126830,46,6,Available,1,CrossCountry,,Athlete,,,9,300.000000000,""03:00:00"",""01:00:00"",""00:00:00"",""00:00:00"",""00:00:00"",,Fusslauf"
"128944,46,6,Available,1,CrossCountry,,Athlete,,,9,108.000000000,""00:42:00"",""00:33:00"",""00:00:00"",""00:00:00"",""00:00:00"",Rennvelo,"
"128951,46,6,Available,1,CrossCountry,,Athlete,,,9,30.000000000,""00:30:00"",""00:00:00"",""00:00:00"",""00:00:00"",""00:00:00"",Rennvelo,"
"129889,46,6,Available,1,CrossCountry,,Athlete,,,9,90.000000000,""00:30:00"",""00:30:00"",""00:00:00"",""00:00:00"",""00:00:00"",Rennvelo,"
"129893,46,6,Available,1,CrossCountry,,Athlete,,,9,80.000000000,""00:40:00"",""00:20:00"",""00:00:00"",""00:00:00"",""00:00:00"",Rennvelo,"
"131189,46,6,Available,1,CrossCountry,,Athlete,,,9,95.000000000,""00:30:00"",""00:25:00"",""00:05:00"",""00:00:00"",""00:00:00"",Rennvelo,"
"131193,46,6,Available,1,CrossCountry,,Athlete,,,9,97.000000000,""00:25:00"",""00:33:00"",""00:02:00"",""00:00:00"",""00:00:00"",Rennvelo,"
"132672,46,6,Available,1,CrossCountry,,Athlete,,,9,134.000000000,""00:38:00"",""00:32:00"",""00:08:00"",""00:02:00"",""00:00:00"",Rennvelo,"
"132682,46,6,Available,1,CrossCountry,,Athlete,,,9,69.000000000,""00:51:00"",""00:09:00"",""00:00:00"",""00:00:00"",""00:00:00"",Rennvelo,"
"133523,46,6,Available,1,CrossCountry,,Athlete,,,9,75.000000000,""00:45:00"",""00:15:00"",""00:00:00"",""00:00:00"",""00:00:00"",,Fusslauf"
"133524,46,6,Available,1,CrossCountry,,Athlete,,,9,80.000000000,""00:40:00"",""00:20:00"",""00:00:00"",""00:00:00"",""00:00:00"",Rennvelo,"
"133771,46,6,Available,1,CrossCountry,,Athlete,,,9,225.000000000,""01:10:00"",""00:20:00"",""00:05:00"",""00:25:00"",""00:00:00"",Rennvelo,"
"134028,46,6,Available,1,CrossCountry,,Athlete,,,9,60.000000000,""01:00:00"",""00:00:00"",""00:00:00"",""00:00:00"",""00:00:00"",,Fusslauf"
"134269,46,6,Available,1,CrossCountry,,Athlete,,,9,220.000000000,""00:55:00"",""00:10:00"",""00:15:00"",""00:25:00"",""00:00:00"",Rennvelo,"
"134270,46,6,Available,1,CrossCountry,,Athlete,,,9,145.000000000,""00:45:00"",""00:35:00"",""00:10:00"",""00:00:00"",""00:00:00"",Rennvelo,"
"134601,46,6,Available,1,CrossCountry,,Athlete,,,9,50.000000000,""00:50:00"",""00:00:00"",""00:00:00"",""00:00:00"",""00:00:00"",,Fusslauf"
"134602,46,6,Available,1,CrossCountry,,Athlete,,,9,87.000000000,""01:03:00"",""00:12:00"",""00:00:00"",""00:00:00"",""00:00:00"",Rennvelo,"
"134876,46,6,Available,1,CrossCountry,,Athlete,,,9,50.000000000,""00:30:00"",""00:10:00"",""00:00:00"",""00:00:00"",""00:00:00"",Rennvelo,"
"134878,46,6,Available,1,CrossCountry,,Athlete,,,9,50.000000000,""00:50:00"",""00:00:00"",""00:00:00"",""00:00:00"",""00:00:00"",,Fusslauf"
"134881,46,6,Available,1,CrossCountry,,Athlete,,,9,250.000000000,""01:00:00"",""00:20:00"",""00:10:00"",""00:30:00"",""00:00:00"",Rennvelo,"
"134882,46,6,Available,1,CrossCountry,,Athlete,,,9,30.000000000,""00:30:00"",""00:00:00"",""00:00:00"",""00:00:00"",""00:00:00"",,"
"135439,46,6,Available,1,CrossCountry,,Athlete,,,9,20.000000000,""00:20:00"",""00:00:00"",""00:00:00"",""00:00:00"",""00:00:00"",,Fusslauf"
"135441,46,6,Available,1,CrossCountry,,Athlete,,,9,173.000000000,""01:18:00"",""00:31:00"",""00:11:00"",""00:00:00"",""00:00:00"",Rennvelo,"
"135442,46,6,Available,1,CrossCountry,,Athlete,,,9,30.000000000,""00:30:00"",""00:00:00"",""00:00:00"",""00:00:00"",""00:00:00"",,"
"135443,46,6,Available,1,CrossCountry,,Athlete,,,9,120.000000000,""01:20:00"",""00:20:00"",""00:00:00"",""00:00:00"",""00:00:00"",Rennvelo,"
"135444,46,6,Available,1,CrossCountry,,Athlete,,,9,30.000000000,""00:30:00"",""00:00:00"",""00:00:00"",""00:00:00"",""00:00:00"",,Rollski Skating"
"135624,46,6,Available,1,CrossCountry,,Athlete,,,9,113.000000000,""00:03:00"",""00:16:00"",""00:26:00"",""00:00:00"",""00:00:00"",,Rollski Skating"
"135626,46,6,Available,1,CrossCountry,,Athlete,,,9,115.000000000,""01:25:00"",""00:15:00"",""00:00:00"",""00:00:00"",""00:00:00"",Rennvelo,"
"135941,46,6,Available,1,CrossCountry,,Athlete,,,9,223.000000000,""01:14:00"",""00:37:00"",""00:21:00"",""00:03:00"",""00:00:00"",Rennvelo,"
"136238,46,6,Available,1,CrossCountry,,Athlete,,,9,167.000000000,""01:17:00"",""00:39:00"",""00:04:00"",""00:00:00"",""00:00:00"",Rennvelo,"
"136239,46,6,Available,1,CrossCountry,,Athlete,,,9,84.000000000,""01:06:00"",""00:09:00"",""00:00:00"",""00:00:00"",""00:00:00"",Rennvelo,"
"136243,46,6,Available,1,CrossCountry,,Athlete,,,9,100.000000000,""00:05:00"",""00:40:00"",""00:05:00"",""00:00:00"",""00:00:00"",,Rollski Skating"
"136446,46,6,Available,1,CrossCountry,,Athlete,,,9,151.000000000,""00:38:00"",""00:15:00"",""00:25:00"",""00:02:00"",""00:00:00"",Rennvelo,"
"136448,46,6,Available,1,CrossCountry,,Athlete,,,9,20.000000000,""00:20:00"",""00:00:00"",""00:00:00"",""00:00:00"",""00:00:00"",,Fusslauf"
"136979,46,6,Available,1,CrossCountry,,Athlete,,,9,142.400000000,""00:06:43"",""00:28:48"",""00:25:39"",""00:00:17"",""00:00:00"",,Rollski Skating"
"136988,46,6,Available,1,CrossCountry,,Athlete,,,9,30.000000000,""00:30:00"",""00:00:00"",""00:00:00"",""00:00:00"",""00:00:00"",Rennvelo,"
"137515,46,6,Available,1,CrossCountry,,Athlete,,,9,126.400000000,""00:39:39"",""00:19:21"",""00:16:01"",""00:00:00"",""00:00:00"",Rennvelo,"
"137517,46,6,Available,1,CrossCountry,,Athlete,,,9,20.000000000,""00:20:00"",""00:00:00"",""00:00:00"",""00:00:00"",""00:00:00"",,Fusslauf"
"137523,46,6,Available,1,CrossCountry,,Athlete,,,9,124.950000000,""00:20:18"",""00:25:18"",""00:17:01"",""00:00:45"",""00:00:00"",,Rollski Skating"
"137528,46,6,Available,1,CrossCountry,,Athlete,,,9,77.870000000,""01:00:24"",""00:08:44"",""00:00:00"",""00:00:00"",""00:00:00"",Rennvelo,"
"137931,46,6,Available,1,CrossCountry,,Athlete,,,9,164.150000000,""00:23:20"",""00:04:15"",""00:12:18"",""00:23:40"",""00:00:09"",,Rennvelo"
"137932,46,6,Available,1,CrossCountry,,Athlete,,,9,134.080000000,""02:14:05"",""00:00:00"",""00:00:00"",""00:00:00"",""00:00:00"",,Fusslauf"
"138647,46,6,Available,1,CrossCountry,,Athlete,,,9,214.480000000,""01:11:49"",""00:43:24"",""00:09:40"",""00:03:38"",""00:02:28"",,Rennvelo"
"138650,46,6,Available,1,CrossCountry,,Athlete,,,9,49.870000000,""00:49:50"",""00:00:01"",""00:00:00"",""00:00:00"",""00:00:00"",,"
"138668,46,6,Available,1,CrossCountry,,Athlete,,,9,30.000000000,""00:30:00"",""00:00:00"",""00:00:00"",""00:00:00"",""00:00:00"",,Rollski Skating"
"138677,46,6,Available,1,CrossCountry,,Athlete,,,9,40.020000000,""00:40:01"",""00:00:00"",""00:00:00"",""00:00:00"",""00:00:00"",,Fusslauf"
"139234,46,6,Available,1,CrossCountry,,Athlete,,,9,185.880000000,""00:04:57"",""00:08:53"",""00:21:34"",""00:24:37"",""00:00:00"",,Rollski Skating"
"139647,46,6,Available,1,CrossCountry,,Athlete,,,9,164.450000000,""00:33:01"",""00:07:29"",""00:11:12"",""00:20:43"",""00:00:00"",,Fusslauf"
"139648,46,6,Available,1,CrossCountry,,Athlete,,,9,65.000000000,""01:05:00"",""00:00:00"",""00:00:00"",""00:00:00"",""00:00:00"",,"
"139818,46,6,Available,1,CrossCountry,,Athlete,,,9,81.270000000,""01:09:34"",""00:04:39"",""00:00:48"",""00:00:00"",""00:00:00"",,Rollski Skating"
"139819,46,6,Available,1,CrossCountry,,Athlete,,,9,105.420000000,""01:17:37"",""00:08:11"",""00:03:46"",""00:00:02"",""00:00:00"",,Rennvelo"
"139823,46,6,Available,1,CrossCountry,,Athlete,,,9,10.000000000,""00:10:00"",""00:00:00"",""00:00:00"",""00:00:00"",""00:00:00"",,Rollski Skating"
"140011,46,6,Available,1,CrossCountry,,Athlete,,,9,120.000000000,""01:30:00"",""00:15:00"",""00:00:00"",""00:00:00"",""00:00:00"",,Fusslauf"
"140633,46,6,Available,1,CrossCountry,,Athlete,,,9,211.000000000,""00:31:00"",""00:10:00"",""00:05:00"",""00:25:00"",""00:09:00"",,Rollski Skating"
"140634,46,6,Available,1,CrossCountry,,Athlete,,,9,64.430000000,""01:02:42"",""00:00:52"",""00:00:00"",""00:00:00"",""00:00:00"",,"
"140636,46,6,Available,1,CrossCountry,,Athlete,,,9,115.630000000,""00:00:15"",""00:22:00"",""00:11:57"",""00:08:53"",""00:00:00"",,Rollski Klassisch"
"140637,46,6,Available,1,CrossCountry,,Athlete,,,9,130.000000000,""01:30:00"",""00:20:00"",""00:00:00"",""00:00:00"",""00:00:00"",,Rennvelo"
"141038,46,6,Available,1,CrossCountry,,Athlete,,,9,225.000000000,""00:50:00"",""00:10:00"",""00:10:00"",""00:25:00"",""00:05:00"",,Rennvelo"
"141039,46,6,Available,1,CrossCountry,,Athlete,,,9,90.630000000,""01:30:38"",""00:00:00"",""00:00:00"",""00:00:00"",""00:00:00"",,"
"141216,46,6,Available,1,CrossCountry,,Athlete,,,9,41.750000000,""00:41:45"",""00:00:00"",""00:00:00"",""00:00:00"",""00:00:00"",,"
"141235,46,6,Available,1,CrossCountry,,Athlete,,,9,79.980000000,""00:28:54"",""00:10:40"",""00:07:31"",""00:01:48"",""00:00:00"",,Rollski Klassisch"
"141342,46,6,Available,1,CrossCountry,,Athlete,,,9,295.920000000,""00:43:19"",""00:23:54"",""00:06:58"",""00:29:41"",""00:13:02"",,Rollski Skating"
"141424,46,6,Available,1,CrossCountry,,Athlete,,,9,29.980000000,""00:29:59"",""00:00:00"",""00:00:00"",""00:00:00"",""00:00:00"",,Fusslauf"
